rank,artist,album,year,rating,genres,image_url
1,Fleetwood Mac,Rumours,1977,4.45,rock,https://i.scdn.co/image/12fe04b0eb5ba5ecbfa9f508da60c2669719102e
2,Beatles,Abbey Road,1969,4.45,"rock, pop",https://i.scdn.co/image/ab67616d00001e02dc30583ba717007b00cceb25
3,Pink Floyd,The Dark Side Of The Moon,1973,4.43,rock,https://i.scdn.co/image/c61eee6e4322b187faf78e94b72979d831a60f4e
4,Nirvana,Nevermind,1991,4.37,rock,https://i.scdn.co/image/ab67616d00001e02fbc71c99f9c1296c56dd51b6
5,Led Zeppelin,Led Zeppelin IV,1971,4.33,"metal, rock",https://i.scdn.co/image/ab67616d00001e024509204d0860cc0cc67e83dc
6,Pink Floyd,Wish You Were Here,1975,4.3,rock,https://i.scdn.co/image/ab67616d00001e025aa1262c4123fedc2e4b8c44
7,David Bowie,The Rise and Fall of Ziggy Stardust and the Spiders from Mars,1972,4.26,rock,https://i.scdn.co/image/45f499572ed94edaedef7062d8e6fb2a7316f763
8,Beatles,Sgt. Pepper's Lonely Hearts Club Band,1967,4.24,"rock, pop",https://i.scdn.co/image/2407ba9ca85d40a9e99f2a187bae2179dd0dcb08
9,Beatles,Revolver,1966,4.23,"rock, pop",https://i.scdn.co/image/afac90c8979a0e93db3b6c58ac18f5899ee7f218
10,Michael Jackson,Thriller,1982,4.22,"pop, soul",https://i.scdn.co/image/ab67616d00001e02de437d960dda1ac0a3586d97
11,Nirvana,MTV Unplugged In New York,1994,4.2,rock,https://i.scdn.co/image/58e94705a7a411bc4e91b8298a454471135f0dd3
12,Black Sabbath,Paranoid,1970,4.19,"metal, rock",https://i.scdn.co/image/940cb8bad50269081a3c0bca7286e8ff5a5d84d5
13,Beatles,The White Album,1968,4.17,"rock, pop",https://i.scdn.co/image/1e2ff261274f27d2c3d5fc29af1a6286bfefbf1a
14,Jimi Hendrix,Are You Experienced,1967,4.13,"rock, blues",https://i.scdn.co/image/bad0306a070fb9b09a0b9ee40872ed566e23d61f
15,Radiohead,OK Computer,1997,4.12,rock,https://i.scdn.co/image/c1fabe2e86e55234ed060ff5b0cdd8e3ab896560
16,Pink Floyd,The Wall,1979,4.12,rock,https://i.scdn.co/image/f7f22420531d4850aa5b568445feaa9b62af60e7
17,Beatles,Rubber Soul,1965,4.11,"rock, pop",https://i.scdn.co/image/85cdd8d5563bfa069fbf9399a3455d4ab6be7322
18,Led Zeppelin,Led Zeppelin II,1969,4.09,"metal, rock",https://i.scdn.co/image/86186b5082c70be197dca2163e2f1c97d1be7104
19,Stevie Wonder,Songs In The Key Of Life,1976,4.08,"funk, soul",https://i.scdn.co/image/eac97467988a62e32e457903f7f34ecdeeaa4f68
20,Led Zeppelin,Led Zeppelin,1969,4.07,"metal, rock",https://i.scdn.co/image/ab67616d00001e026f2f499c1df1f210c9b34b32
21,Aretha Franklin,Lady Soul,1968,4.05,soul,https://i.scdn.co/image/742fcdea16c23b2335b2ea655250831dfff22b84
22,Miles Davis,Kind Of Blue,1959,4.04,jazz,https://i.scdn.co/image/ab67616d00001e027ab89c25093ea3787b1995b4
23,Amy Winehouse,Back To Black,2006,4.03,soul,https://i.scdn.co/image/065142e0c4c0cb194e20702cae8dda05d1085a44
24,Radiohead,The Bends,1995,4.02,rock,https://i.scdn.co/image/9a251a9ea3e80d65d8e41a05823295fb74fec088
25,Prince,Purple Rain,1984,4.02,"funk, rock, pop, soul",https://i.scdn.co/image/f6f134b51b8e88dc4be6bef65613a2142113a3e6
26,David Bowie,Hunky Dory,1971,3.99,rock,https://i.scdn.co/image/1b2d3105a3e87cc9fb011dacc19cbdc9c678d803
27,Rage Against The Machine,Rage Against The Machine,1992,3.97,rock,https://i.scdn.co/image/3326f9517fabd0951b4336c6d52cb8fe09cd6c9a
28,The Clash,London Calling,1979,3.96,punk,https://i.scdn.co/image/84ca0f9564ae1eff9163a6a1dfae2a10b1d60a6a
29,Johnny Cash,At Folsom Prison,1968,3.96,country,https://i.scdn.co/image/ab67616d00001e024a04593b7c149dc7b725683e
30,Simon & Garfunkel,Bridge Over Troubled Water,1970,3.95,folk,https://i.scdn.co/image/d77dc3db3a55f0bd5da1050995c67c7c1867b1a8
31,Queen,A Night At The Opera,1975,3.95,rock,https://i.scdn.co/image/7dc09be2030c957d4c4e0a00e2880aeefd42093b
32,Marvin Gaye,What's Going On,1971,3.94,soul,https://i.scdn.co/image/ab67616d00001e02b36949bee43217351961ffbc
33,Led Zeppelin,Led Zeppelin III,1970,3.93,"metal, rock",https://i.scdn.co/image/ab67616d00001e0290a50cfe99a4c19ff3cbfbdb
34,The Doors,The Doors,1967,3.93,rock,https://i.scdn.co/image/bc371b6b1115b50daf92dd2f6e211dc3aeff235e
35,Jimi Hendrix,Electric Ladyland,1968,3.93,rock,https://i.scdn.co/image/dee867bbe7a3dd97a37212de86cd40166ebf6dc5
36,Bob Marley & The Wailers,Exodus,1977,3.93,reggae,https://i.scdn.co/image/ab67616d00001e02811bfdc4f55b3a7484524aaf
37,Aretha Franklin,I Never Loved a Man the Way I Love You,1967,3.93,soul,https://i.scdn.co/image/ab67616d00001e026aa9314b7ddfbd8f036ba3ac
38,The Beach Boys,Pet Sounds,1966,3.92,"pop, rock",https://i.scdn.co/image/033c5c30c94b672083748ba667a08851ae2e1fd9
39,Elton John,Goodbye Yellow Brick Road,1973,3.92,"rock, pop",https://i.scdn.co/image/ab67616d00001e02f72f1e38e9bd48f18a17ed9b
40,Carole King,Tapestry,1971,3.92,"pop, rock, folk",https://i.scdn.co/image/ab67616d00001e0223350feac07f56d8b96f33d5
41,Pearl Jam,Ten,1991,3.91,rock,https://i.scdn.co/image/42bb4e98900ff6cbf1968f2908a1dff1754d67f4
42,Otis Redding,Otis Blue/Otis Redding Sings Soul,1965,3.91,"soul, blues",https://i.scdn.co/image/ab67616d00001e028f2e2804d068b8ed79f15979
43,Led Zeppelin,Physical Graffiti,1975,3.89,"metal, rock",https://i.scdn.co/image/ab67616d00001e022abc2d86a442efb6cc631d0a
44,The Who,Who's Next,1971,3.89,rock,https://i.scdn.co/image/ab67616d00001e02fe24dcd263c08c6dd84b6e8c
45,Creedence Clearwater Revival,Cosmo's Factory,1970,3.89,rock,https://i.scdn.co/image/ab67616d00001e0261834aa14b97a7d9c693134f
46,Beatles,A Hard Day's Night,1964,3.88,"rock, pop",https://i.scdn.co/image/c230dfb403e50b0d402902cb9b671d2d9bddcdf3
47,Radiohead,In Rainbows,2007,3.87,rock,https://i.scdn.co/image/ab67616d00001e0234733f87148c2fbe0176abdb
48,The Cure,Disintegration,1989,3.87,"rock, pop, punk",https://i.scdn.co/image/ab67616d00001e02858ed9e2832801189187391a
49,Stevie Wonder,Innervisions,1973,3.87,"funk, soul",https://i.scdn.co/image/ab67616d00001e02ea8ab1a548312b79ac955266
50,Oasis,(What's The Story) Morning Glory,1995,3.86,rock,https://i.scdn.co/image/adb304d21869a2765f55ad2d58c0d314cfe984be
51,Billy Joel,The Stranger,1977,3.86,"rock, pop",https://i.scdn.co/image/ab67616d00001e028a6dbac0b74bd2484189ea5f
52,Johnny Cash,American IV: The Man Comes Around,2002,3.86,country,https://i.scdn.co/image/66fd30da44cd9a21d402513f1ed0edf5e1a77c4b
53,The Rolling Stones,Sticky Fingers,1971,3.85,rock,https://i.scdn.co/image/76f5b86a326ca21f892ebaa5f77e76968e6ca3ba
54,The White Stripes,Elephant,2003,3.83,rock,https://i.scdn.co/image/ab67616d00001e02a69f71a8794e2d867a52f98f
55,AC/DC,Back In Black,1980,3.83,"metal, rock",https://i.scdn.co/image/ab67616d00001e020b51f8d91f3a21e8426361ae
56,Nirvana,In Utero,1993,3.82,rock,https://i.scdn.co/image/ab67616d00001e02c4f52ef8782f0e8ede4c1aaf
57,The Smashing Pumpkins,Siamese Dream,1993,3.82,rock,https://i.scdn.co/image/ab67616d00001e02f00d9c29f0eb7691f908f23a
58,The Dave Brubeck Quartet,Time Out,1959,3.82,jazz,https://i.scdn.co/image/f38a47efdc7873a6bae96aecc9e716c9e3e68721
59,Black Sabbath,Black Sabbath,1970,3.81,"metal, rock",https://i.scdn.co/image/ab67616d00001e021311a92b0ca83a5154c5a5e7
60,The Strokes,Is This It,2001,3.81,rock,https://i.scdn.co/image/4f399666325158516073a0bdeebeded9ebb6893d
61,Michael Jackson,Bad,1987,3.81,"pop, soul",https://i.scdn.co/image/ab67616d00001e0262e97ae5072de10850578af5
62,George Harrison,All Things Must Pass,1970,3.81,"rock, pop",https://i.scdn.co/image/ab67616d00001e02acc11d868a59008935e72299
63,R.E.M.,Automatic For The People,1992,3.8,rock,https://i.scdn.co/image/7ccf85b50307c9d32ec24ba26b673287fed84e42
64,The Rolling Stones,Let It Bleed,1969,3.8,rock,https://i.scdn.co/image/2be7232708f6959da59818238050cfd2c4982d54
65,Michael Jackson,Off The Wall,1979,3.8,"pop, soul",https://i.scdn.co/image/ab67616d00001e027027294551db4fda68b5ddac
66,Neil Young,Harvest,1972,3.8,"rock, folk",https://i.scdn.co/image/644ae2a5d92b559a8d7714f7a5de305afa317fb8
67,Green Day,Dookie,1994,3.79,"punk, rock",https://i.scdn.co/image/4bf06c01a3911f76a386524c1fd675249e342c2f
68,Tracy Chapman,Tracy Chapman,1988,3.79,folk,https://i.scdn.co/image/e00124ed1864f9ae7f41b7e4e065c4ee41f45892
69,Marvin Gaye,Let's Get It On,1973,3.78,soul,https://i.scdn.co/image/ab67616d00001e02320f0f0bb4eae1a2596db77c
70,Green Day,American Idiot,2004,3.77,"punk, rock",https://i.scdn.co/image/329423c0d0435d8a29c91689f48c4b6a3c067575
71,Metallica,Metallica,1991,3.77,metal,https://i.scdn.co/image/400dee6165a81c49b665d18637e3954213679ee8
72,Jimi Hendrix,Axis: Bold As Love,1967,3.77,rock,https://i.scdn.co/image/4b9994763bc8efbd74bd6b6429e111ad167523b7
73,Johnny Cash,At San Quentin,1969,3.77,country,https://i.scdn.co/image/f4409af5fb8fd35a407d4ab1b812244a9a2eeed9
74,Blondie,Parallel Lines,1978,3.76,rock,https://i.scdn.co/image/d823559ac6ffa4c84c7ebb3b7ac2e2caa5206aba
75,Creedence Clearwater Revival,Green River,1969,3.76,rock,https://i.scdn.co/image/ab67616d00001e023efcd243aaa5638f55318f91
76,Tears For Fears,Songs From The Big Chair,1985,3.75,"rock, pop, electronica",https://i.scdn.co/image/5727a0dda52a33d496843dc595287c640274db52
77,Jeff Buckley,Grace,1994,3.75,"rock, folk",https://i.scdn.co/image/ab67616d00001e026a760642a56847027428cb61
78,Bob Dylan,Highway 61 Revisited,1965,3.75,"rock, folk",https://i.scdn.co/image/70188a3795fe296d98539cc2f2ec48f7efb68c22
79,Sam Cooke,Live At The Harlem Square Club,1963,3.75,soul,https://i.scdn.co/image/ab67616d00001e02cada54c15af0a1da882f08f9
80,Black Sabbath,Vol. 4,1972,3.74,metal,https://i.scdn.co/image/ab67616d00001e02f44c5014a32565b63475d7b2
81,Pixies,Doolittle,1989,3.74,rock,https://i.scdn.co/image/bf8ff4fa67e09d5e44db36589f1778060f0c3af7
82,Steely Dan,Can't Buy A Thrill,1972,3.74,"rock, jazz",https://i.scdn.co/image/0e6808755fbe3520633e6bd7f9ccce98deba9740
83,Al Green,Let's Stay Together,1972,3.74,soul,https://i.scdn.co/image/cb2e964016dd8ebf2488649bae6471f885000dfc
84,Lynyrd Skynyrd,(Pronounced 'Leh-'Nérd 'Skin-'Nérd),1973,3.74,rock,https://i.scdn.co/image/ab67616d00001e02ed9531fd3add18804cd6d7c1
85,Dire Straits,Brothers In Arms,1985,3.73,rock,https://i.scdn.co/image/0e528f08633f70706fc1494f611aa974a31c9df7
86,Michael Kiwanuka,KIWANUKA,2019,3.73,soul,https://i.scdn.co/image/ab67616d00001e0260ada139840fb439d6750f27
87,Arctic Monkeys,"Whatever People Say I Am, That's What I'm Not",2006,3.72,rock,https://i.scdn.co/image/5e004226de34dc4f79d9d895d2b3c7526e50129f
88,Dire Straits,Dire Straits,1978,3.72,rock,https://i.scdn.co/image/ab67616d00001e029dfee5404d5e0763998c958e
89,Paul Simon,Graceland,1986,3.72,"rock, folk, pop",https://i.scdn.co/image/ab67616d00001e02ecd1e6fe12d12402318d747d
90,Alanis Morissette,Jagged Little Pill,1995,3.72,"pop, rock",https://i.scdn.co/image/b45f1b84098251d48f8e257312818ae31784be73
91,Stevie Wonder,Talking Book,1972,3.72,"funk, soul",https://i.scdn.co/image/762d8bcdb64f62254567552032ac01eed9c22b25
92,The Killers,Hot Fuss,2004,3.72,rock,https://i.scdn.co/image/ab67616d00001e02ccdddd46119a4ff53eaf1f5d
93,Radiohead,Kid A,2000,3.71,rock,https://i.scdn.co/image/690e5c2be4147fe16bf810b5d7e4ce3582319945
94,Portishead,Dummy,1994,3.71,electronica,https://i.scdn.co/image/b72a514a7a7ba3cd9084192ca6dbe96ec69845bc
95,Metallica,Master Of Puppets,1986,3.71,metal,https://i.scdn.co/image/720e1d7a38da870d3efce843d0bcc4ccd4cafaad
96,Santana,Abraxas,1970,3.71,"rock, latin",https://i.scdn.co/image/04dc767e8ac9ac25f0c45a1ba57a22ba31733339
97,Janis Joplin,Pearl,1971,3.71,rock,https://i.scdn.co/image/ab67616d00001e028882f88e4f2c44d61fe56ffe
98,Guns N' Roses,Appetite For Destruction,1987,3.7,"metal, rock",https://i.scdn.co/image/257237fe469affd86b4d18bb3f81ee5ad2839159
99,Depeche Mode,Violator,1990,3.7,electronica,https://i.scdn.co/image/d03afbc90d4ad998eb9d65cbd764d122cbf68c8d
100,Boston,Boston,1976,3.7,rock,https://i.scdn.co/image/ea6c0cdc86984d4cb8fb8758eb53a09060e1c1dd
101,A Tribe Called Quest,The Low End Theory,1991,3.7,hip-hop,https://i.scdn.co/image/b6b9740d104cf31a9c2cd30be1374167f2e4179b
102,"Crosby, Stills, Nash & Young",Deja Vu,1970,3.7,"rock, folk",https://i.scdn.co/image/1287b3b9201fc5ed8c51101dbeb0326a450671ec
103,David Bowie,Station To Station,1976,3.69,rock,https://i.scdn.co/image/9645887ae16ebebce9a15b8777511896a1161c32
104,Bruce Springsteen,Born In The U.S.A.,1984,3.69,rock,https://i.scdn.co/image/ff30aee935ac235dcdf53e2b4cef4532de7d33cf
105,Fugees,The Score,1996,3.69,hip-hop,https://i.scdn.co/image/e46633eff20c4e1e044abd854d74abdd1b064450
106,Curtis Mayfield,Superfly,1972,3.69,"soul, funk",https://i.scdn.co/image/ab67616d00001e02e40d99abf163cfd9c9de18f1
107,Adele,21,2011,3.69,pop,https://i.scdn.co/image/ab67616d00001e02fb7eedd9877b0c60597ef3e5
108,Red Hot Chili Peppers,Californication,1999,3.68,rock,https://i.scdn.co/image/a6acf5e95e997e07a877cf8bdfd8e7bae8d62c7d
109,Talking Heads,Remain In Light,1980,3.68,"electronica, rock, punk",https://i.scdn.co/image/6cd647135195ef216b9d58b475a4258d2699025f
110,The Smashing Pumpkins,Mellon Collie and the Infinite Sadness,1995,3.68,rock,https://i.scdn.co/image/e478c9aa6b08b1816ec54f47a1fbfca38875e0aa
111,Buena Vista Social Club,Buena Vista Social Club,1997,3.68,"jazz, world, latin",https://i.scdn.co/image/587097fed39e95806b7ab08d3154327d37908356
112,Van Morrison,Moondance,1970,3.68,"rock, folk, jazz",https://i.scdn.co/image/ab67616d00001e02d828b182ee9b7193a0f8b5d6
113,The Smiths,The Queen Is Dead,1986,3.67,rock,https://i.scdn.co/image/fba88127753bad349ee8672ccf60ecc98e5cf307
114,Lauryn Hill,The Miseducation of Lauryn Hill,1998,3.67,"hip-hop, soul",https://i.scdn.co/image/517be4be20d34be9a9b27e1ff72d974a3ad86238
115,Paul McCartney and Wings,Band On The Run,1973,3.67,rock,https://i.scdn.co/image/4e70f951f60ccbce2ca5a0be502a7e97b16da02b
116,Cat Stevens,Tea for the Tillerman,1970,3.67,folk,https://i.scdn.co/image/ab67616d00001e02409b4acd6ef9f8f05a41466c
117,U2,The Joshua Tree,1987,3.66,rock,https://i.scdn.co/image/06909fcbfc067a3a02466311fbf20acef563b90a
118,Lou Reed,Transformer,1972,3.66,rock,https://i.scdn.co/image/19e4828ddb234b8061dc0e0c689358224302de27
119,The Stone Roses,The Stone Roses,1989,3.66,rock,https://i.scdn.co/image/ab67616d00001e02cf1f6466a493eb73d6d9d280
120,Bob Dylan,Blood On The Tracks,1975,3.66,"rock, folk",https://i.scdn.co/image/755a11cfa36419d006b1482feba5799cbcf1c2d8
121,B.B. King,Live At The Regal,1965,3.66,blues,https://i.scdn.co/image/f40a1d1b96a1f00e34b3106730f754e2e7173188
122,Stan Getz,Getz/Gilberto,1964,3.66,"jazz, latin",https://i.scdn.co/image/ab67616d00001e0275a2f83efddd9dc79e034ec3
123,Nick Drake,Pink Moon,1972,3.65,"folk, rock",https://i.scdn.co/image/948223a2ac50b905d3998341d802e1868b34d018
124,The Cars,The Cars,1978,3.65,rock,https://i.scdn.co/image/f384ed7299d6974fd58707c000757fd2d6d48111
125,Soundgarden,Superunknown,1994,3.65,rock,https://i.scdn.co/image/9605a8c3ab4a85a637e1c20f466a441ea167d5c8
126,Nina Simone,Wild Is The Wind,1966,3.65,"blues, soul, jazz",https://i.scdn.co/image/c863204a11f07cbce562771acdf73e7dc02e9906
127,Kendrick Lamar,"good kid, m.A.A.d city",2012,3.65,hip-hop,https://i.scdn.co/image/ab67616d00001e022cd55246d935a8a77cb4859e
128,Beatles,With The Beatles,1963,3.64,"rock, pop",https://i.scdn.co/image/c1f4d171a363872f3d0c52085f380edc871d2641
129,The White Stripes,White Blood Cells,2001,3.64,rock,https://i.scdn.co/image/46bbe215854113958297fca03d81b7816a90c8a8
130,The Doors,L.A. Woman,1971,3.64,rock,https://i.scdn.co/image/390765e671d4e263b70b9a1669eb4c2a98b94ac4
131,Kendrick Lamar,To Pimp A Butterfly,2015,3.64,hip-hop,https://i.scdn.co/image/ab67616d00001e02cdb645498cd3d8a2db4d05e1
132,Kate Bush,Hounds Of Love,1985,3.63,"pop, rock",https://i.scdn.co/image/f43e56da19bcaff2bf003e9006e4149e314ed7cc
133,Bruce Springsteen,Born To Run,1975,3.63,rock,https://i.scdn.co/image/ae5cc1ad1b55621c1d835c08c7135bcb37f0f903
134,Creedence Clearwater Revival,Bayou Country,1969,3.63,rock,https://i.scdn.co/image/378d421c5232404c22ba6296c688463f8f390d8b
135,Electric Light Orchestra,Out Of The Blue,1977,3.63,"rock, pop",https://i.scdn.co/image/32abd87b6cbfb66c5555ad4819f0f765f0185c8b
136,Beastie Boys,Ill Communication,1994,3.63,"hip-hop, rock",https://i.scdn.co/image/730ba683efd452583b60ba1a0b227c5abdf224b8
137,Bob Dylan,Bringing It All Back Home,1965,3.63,"rock, folk",https://i.scdn.co/image/940eb7a70b6ff1febf64ec974305b3555d7f7641
138,John Coltrane,A Love Supreme,1965,3.63,jazz,https://i.scdn.co/image/5727cd4a065e14ecbb410a3c7141aff4629c58e9
139,Miles Davis,Birth Of The Cool,1957,3.63,jazz,https://i.scdn.co/image/eb093c2c4092de06c7ee1034ad83856c42081cab
140,The Velvet Underground,The Velvet Underground & Nico,1967,3.62,rock,https://i.scdn.co/image/ab67616d00001e0298260c528e6eec9dd431c1d7
141,MGMT,Oracular Spectacular,2007,3.62,"rock, electronica, pop",https://i.scdn.co/image/60c81344995dcca6528e42adbd8b763a4e5c93da
142,David Bowie,Young Americans,1975,3.62,"rock, soul",https://i.scdn.co/image/7e3406b7781040f18d7916a8c8fff0da28361f7b
143,Queen,Sheer Heart Attack,1974,3.62,rock,https://i.scdn.co/image/735afc888526cf537c1203589219e912fccf44e0
144,Bob Dylan,The Freewheelin' Bob Dylan,1963,3.62,"rock, folk",https://i.scdn.co/image/48950e52d435e6993a3b2e3dbcaecd825e4a595b
145,Miles Davis,In A Silent Way,1969,3.62,jazz,https://i.scdn.co/image/bf1fb601654caeecf7e16357bec660751457a3dc
146,AC/DC,Highway to Hell,1979,3.62,rock,https://i.scdn.co/image/ab67616d00001e0251c02a77d09dfcd53c8676d0
147,Parliament,Mothership Connection,1975,3.62,"funk, soul",https://i.scdn.co/image/3bf4c8049d3d088de18ffb2dbdba26873792780b
148,Ray Charles,The Genius Of Ray Charles,1959,3.62,"soul, jazz",https://i.scdn.co/image/325ee8c3dad60f553e07e767792f21ff3c9cb75c
149,A Tribe Called Quest,People's Instinctive Travels and the Paths of Rhythm,1990,3.62,hip-hop,https://i.scdn.co/image/ab67616d00001e024ba1fe238a517021ebcc2ace
150,David Bowie,Heroes,1977,3.61,rock,https://i.scdn.co/image/2c1d5611677c95f1880d6f110b30386f4381e36c
151,Simon & Garfunkel,"Parsley, Sage, Rosemary And Thyme",1966,3.61,folk,https://i.scdn.co/image/26105999ac5407065073e9f9048b6840716eaa66
152,Van Halen,Van Halen,1978,3.61,"metal, rock",https://i.scdn.co/image/ab67616d00001e0217dd812df38fed44d6d2036e
153,Nas,Illmatic,1994,3.61,hip-hop,https://i.scdn.co/image/4d11cf0fc74b4961afd1898867eaeb7234c614a5
154,Bob Marley & The Wailers,Catch A Fire,1973,3.61,reggae,https://i.scdn.co/image/ab67616d00001e0274dc45beb45b50ec54516c05
155,King Crimson,In The Court Of The Crimson King,1969,3.61,rock,https://i.scdn.co/image/ab67616d00001e020e36a62897cf3f5937bf9c16
156,Neil Young,After The Gold Rush,1970,3.61,"rock, folk",https://i.scdn.co/image/ab67616d00001e021e52dc7f7425f0c5bc3a4047
157,David Bowie,Aladdin Sane,1973,3.6,rock,https://i.scdn.co/image/ab67616d00001e025db6dbaca8678527e643a866
158,The Rolling Stones,Beggars Banquet,1968,3.6,rock,https://i.scdn.co/image/a8bd5a7d5ab71a76b998ce256b046e90571de0d3
159,Funkadelic,Maggot Brain,1971,3.6,"funk, rock, soul",https://i.scdn.co/image/dedd88fa7a3d10c893009b62fde652c54cd71821
160,Wu-Tang Clan,Enter The Wu-Tang (36 Chambers),1993,3.6,hip-hop,https://i.scdn.co/image/698e2edd55f41be33769f08906795c2e5b49d48e
161,Muddy Waters,Hard Again,1977,3.6,blues,https://i.scdn.co/image/3626bcf75f21aca1156d0ac65f21827bd593947a
162,The Rolling Stones,Exile On Main Street,1972,3.59,rock,https://i.scdn.co/image/5857f7fad60c1e6af9f5b601410895e16eeb6ebe
163,Iggy Pop,Lust For Life,1977,3.59,"rock, punk",https://i.scdn.co/image/f96ab03391cbc13017c61e302fb65cd514d83e40
164,Muse,Black Holes and Revelations,2006,3.59,rock,https://i.scdn.co/image/ab67616d00001e0228933b808bfb4cbbd0385400
165,The Isley Brothers,3 + 3,1973,3.59,"soul, funk",https://i.scdn.co/image/ab67616d00001e029d1d0e64081ea5c0927d6051
166,Eagles,Hotel California,1976,3.58,rock,https://i.scdn.co/image/470e6660ebe014f52236c7cc723037e8fab562c2
167,Prince,1999,1982,3.58,"funk, rock, pop",https://i.scdn.co/image/8518eb5655ce5a44023943b0f87b61990f7db515
168,Elton John,Madman Across The Water,1971,3.58,"rock, pop",https://i.scdn.co/image/0bc13a3eb3ecb8c5b5e6b285d0f69af99d92811c
169,The Flaming Lips,Yoshimi Battles The Pink Robots,2002,3.57,"rock, pop",https://i.scdn.co/image/2a86248a6ce38d85133b0a49832f3d3ebb3ceac1
170,Franz Ferdinand,Franz Ferdinand,2004,3.57,rock,https://i.scdn.co/image/65e5cbb5fbbb20385d042ce7aa357309388f555e
171,Air,Moon Safari,1998,3.57,"pop, electronica",https://i.scdn.co/image/eba315b54484b420d68a6dc95914ef2c565533dc
172,Deep Purple,Machine Head,1972,3.57,"metal, rock",https://i.scdn.co/image/0405a5f1db4cc0078f8b3ef35855c628f01da76d
173,Iron Maiden,The Number Of The Beast,1982,3.57,metal,https://i.scdn.co/image/9a6870d886df9554420d37f782d07f7e5f6092de
174,Ramones,Ramones,1976,3.56,punk,https://i.scdn.co/image/ab67616d00001e020d7c0a6fdfce64964d26eda2
175,The Doors,Morrison Hotel,1970,3.56,rock,https://i.scdn.co/image/03f0ea28bd3e6f093a71239cd09abb34fe794862
176,Rush,Moving Pictures,1981,3.56,rock,https://i.scdn.co/image/7dfedccefb4c69ee9581787fa640d8708100132d
177,Stan Getz,Jazz Samba,1962,3.56,"jazz, latin",https://i.scdn.co/image/ab67616d00001e02e259545b94392d48378ecb3c
178,Bob Marley & The Wailers,Natty Dread,1974,3.56,reggae,https://i.scdn.co/image/a3f37004aa4e5ee2cc5030df661adb64edf08d2d
179,Stevie Wonder,Fulfillingness' First Finale,1974,3.56,soul,https://i.scdn.co/image/ab67616d00001e02de0ccd19b3f72c1c4db92497
180,Talking Heads,Talking Heads 77,1977,3.55,"rock, punk",https://i.scdn.co/image/6aaf5c3b56ed3739f1a0141c2f5362b6c45f50ed
181,R.E.M.,Document,1987,3.55,rock,https://i.scdn.co/image/b100832732e93db61b4ba3497e1facfa1102be27
182,Simon & Garfunkel,Bookends,1968,3.55,folk,https://i.scdn.co/image/5bbedc46a9d07d85465ad1f86838963041261a4d
183,OutKast,Stankonia,2000,3.55,hip-hop,https://i.scdn.co/image/d9c8acf62afd165f9b50fac85688b54f4907557e
184,David Bowie,Low,1977,3.54,rock,https://i.scdn.co/image/5575191d033271bc55ed3c9547104b9b674e36fa
185,Arcade Fire,Funeral,2004,3.54,"rock, pop",https://i.scdn.co/image/9f4688be9768a6f6d799fba26479b54746361fe2
186,Oasis,Definitely Maybe,1994,3.54,rock,https://i.scdn.co/image/539889ac8b17001d002e8fb4b112821568edd520
187,Herbie Hancock,Head Hunters,1973,3.54,"jazz, funk",https://i.scdn.co/image/ab67616d00001e026b75d57d2d070c0c4afb3f9a
188,Little Richard,Here's Little Richard,1957,3.54,"rock, blues",https://i.scdn.co/image/7e53ddf8c0a59087b70183aeff5d8431e98eb978
189,The Velvet Underground,The Velvet Underground,1969,3.53,rock,https://i.scdn.co/image/19843335f185c8b706e18e3cbc5c356400bdf00f
190,Beastie Boys,Licensed To Ill,1986,3.53,hip-hop,https://i.scdn.co/image/3e5eed9ad426ab2e08d10b5f54440f7edf316c35
191,Gorillaz,Gorillaz,2001,3.53,"rock, electronica",https://i.scdn.co/image/ab67616d00001e02f6c46838e4425ea96e2562fe
192,The Black Keys,Brothers,2010,3.53,"rock, blues",https://i.scdn.co/image/ca4b85e01309d843d615b8ab93d312742650e46d
193,T. Rex,Electric Warrior,1971,3.53,rock,https://i.scdn.co/image/ab67616d00001e0261a23657edb5d80fa18a630d
194,ABBA,Arrival,1976,3.53,pop,https://i.scdn.co/image/59f4f383515d3d13560ac3b7e18580aee27cad7f
195,Neil Young & Crazy Horse,Everybody Knows This Is Nowhere,1969,3.53,"rock, folk",https://i.scdn.co/image/5cb8817792e03600f7d259ec402173461b6ad8ec
196,Muddy Waters,At Newport 1960,1960,3.53,blues,https://i.scdn.co/image/a999d36f7c556f3885b05f6399f089ca79b75bbb
197,Peter Gabriel,So,1986,3.53,"rock, pop",https://i.scdn.co/image/ab67616d00001e0211bb04f55be562c76d8e8ecf
198,The Clash,The Clash,1977,3.52,punk,https://i.scdn.co/image/ab67616d00001e02505d5b5ac3202fc9b89c4390
199,Nick Drake,Bryter Layter,1971,3.52,"folk, rock",https://i.scdn.co/image/498076ad404fcecd3b624f5018c67630fcbaab5d
200,Television,Marquee Moon,1977,3.51,"rock, punk",https://i.scdn.co/image/71974d61e6a75e0de7e0196574d138fdc2b6614d
201,Jefferson Airplane,Surrealistic Pillow,1967,3.51,rock,https://i.scdn.co/image/f9c3d675e08026cf474ef17edb1431eb4ccc66fe
202,Frank Sinatra,Songs For Swingin' Lovers!,1956,3.51,jazz,https://i.scdn.co/image/d26a832b18ad9ae75dbbffed89a5e157c70861bc
203,Duran Duran,Rio,1982,3.5,"rock, pop, electronica",https://i.scdn.co/image/e7ee81a46225bca041a2f970400e42dd0994d3ad
204,Violent Femmes,Violent Femmes,1983,3.5,"punk, rock",https://i.scdn.co/image/f7747e2399bdb8714d056131083d6a128c77af23
205,Sufjan Stevens,Illinois,2005,3.5,"pop, folk, rock",https://i.scdn.co/image/2474e15c4830076d91e352544c80f9197d3d5813
206,N.W.A.,Straight Outta Compton,1988,3.5,hip-hop,https://i.scdn.co/image/73d3a3a310c5c01c252185e9013acdb23b85d8ba
207,Joni Mitchell,Blue,1971,3.5,"folk, rock",https://i.scdn.co/image/ab67616d00001e02e9f77be85457110ebf304da7
208,"Earth, Wind & Fire",That's The Way Of The World,1975,3.5,"funk, soul",https://i.scdn.co/image/0ca8bbfa67d324c06a290c9177385fd70f873ebd
209,Neil Young & Crazy Horse,Rust Never Sleeps,1979,3.5,"rock, folk",https://i.scdn.co/image/01244d847df2e994a5474a2a8979715cc8d77a7a
210,Count Basie & His Orchestra,The Atomic Mr Basie,1958,3.5,jazz,https://i.scdn.co/image/de46cfa841214303fa059b2ef540b75d4e97d014
211,Louis Prima,The Wildest!,1956,3.5,"jazz, blues",https://i.scdn.co/image/ff96afa77a8c6243bef64199b5790b22a1cb2513
212,Ray Charles,Modern Sounds in Country and Western Music,1962,3.5,"soul, blues",https://i.scdn.co/image/ab67616d00001e027b97663666f03928ff1e4578
213,Dolly Parton,Coat Of Many Colors,1971,3.49,country,https://i.scdn.co/image/ab67616d00001e025eedc4901818fe24d8645672
214,Pixies,Surfer Rosa,1988,3.49,rock,https://i.scdn.co/image/ab67616d00001e021a3903c1aa8122f7720f5d71
215,Van Halen,1984,1984,3.49,"metal, rock",https://i.scdn.co/image/d3625f49f2a419c3dbbc8f7d070927a4b6daef6a
216,Paul Simon,Paul Simon,1972,3.49,"rock, folk",https://i.scdn.co/image/ab67616d00001e0237a40ab12a4fb96319a9d96f
217,Cyndi Lauper,She's So Unusual,1983,3.49,"pop, rock, electronica",https://i.scdn.co/image/ab67616d00001e0252f532df7ba3269b0242fed9
218,Arcade Fire,The Suburbs,2010,3.49,rock,https://i.scdn.co/image/8c6588bb125ec6fce14f75d55993f249996e59c1
219,Run-D.M.C.,Raising Hell,1986,3.49,hip-hop,https://i.scdn.co/image/c86eba53f995224caead6f565e65b10ee5ed27d6
220,Ella Fitzgerald,The Gershwin Songbook,1959,3.49,jazz,https://i.scdn.co/image/ab67616d00001e02924f8beefce2d7badc6cc61b
221,Joy Division,Unknown Pleasures,1979,3.48,"rock, punk",https://i.scdn.co/image/faaa85287c58815147f471495fb97df2d1c3fa32
222,David Bowie,Blackstar,2016,3.48,"rock, jazz",https://i.scdn.co/image/ab67616d00001e024ff4ced89fcfe48079c11b37
223,Queen,Queen II,1974,3.48,rock,https://i.scdn.co/image/ab67616d00001e02f30a542e495d92362519cf06
224,Steely Dan,Aja,1977,3.48,"rock, jazz",https://i.scdn.co/image/36ac7382b2b84130c188aa0fd79ebc75fa75e0ea
225,Yeah Yeah Yeahs,It's Blitz!,2009,3.48,"rock, punk, electronica",https://i.scdn.co/image/7d31d1f1e1ec686e09f7baa4d340bab47396970e
226,Bob Dylan,Blonde On Blonde,1966,3.48,"rock, folk",https://i.scdn.co/image/669c314b5bbccd288a044a57aa072cd710e93348
227,Sister Sledge,We Are Family,1979,3.48,"pop, funk, soul",https://i.scdn.co/image/f5923487520457c5e2ff3d4eb1dfc4038e1d9192
228,Sade,Diamond Life,1984,3.48,"soul, pop, jazz",https://i.scdn.co/image/ab67616d00001e02ad27e16c5f844ea1ad6797cd
229,Red Hot Chili Peppers,Blood Sugar Sex Magik,1991,3.47,rock,https://i.scdn.co/image/39a7962875c189290dab782c666a2ba7062c2ad6
230,Fleetwood Mac,Tusk,1979,3.47,rock,https://i.scdn.co/image/ea22f7a4f03af5b0503780e25de1859938b4ac97
231,Foo Fighters,Foo Fighters,1995,3.47,rock,https://i.scdn.co/image/ab67616d00001e02126420226a30aa75a2f52691
232,Talking Heads,Fear Of Music,1979,3.47,"rock, punk",https://i.scdn.co/image/18c02c43c76a8c6ad873f3575bfb4f297ee183fd
233,Fiona Apple,Tidal,1996,3.47,"pop, rock",https://i.scdn.co/image/0c1c28d8d93d26e0f95a86d16b718af370fdc2f2
234,Alice In Chains,Dirt,1992,3.47,"metal, rock",https://i.scdn.co/image/ab67616d00001e0231ea2c36c5da3979177127b1
235,Nick Drake,Five Leaves Left,1969,3.47,"folk, rock",https://i.scdn.co/image/8b67bb2bf678ee2ce0f53697262df43ac38aaa41
236,Dusty Springfield,Dusty In Memphis,1969,3.47,"pop, folk, soul",https://i.scdn.co/image/bddb8d8ed0e1e6179c5636a586faf4878be2d281
237,"Crosby, Stills & Nash","Crosby, Stills & Nash",1969,3.47,"rock, folk",https://i.scdn.co/image/c79971df3f3e288729e6561adbc967067c76418c
238,R.E.M.,Green,1988,3.47,rock,https://i.scdn.co/image/ab67616d00001e0288039803491ebeb8e694b36c
239,Coldplay,Parachutes,2000,3.46,"pop, rock",https://i.scdn.co/image/af4812064c4963f5ce4e630cbf70b540ce3f60dc
240,Beastie Boys,Paul's Boutique,1989,3.46,hip-hop,https://i.scdn.co/image/d06513fa601688c13e16bbbd13d160fb07b92837
241,Fela Kuti,Zombie,1977,3.46,"funk, world, jazz",https://i.scdn.co/image/138e88570c9c1771caf31d90e70687cce34764ea
242,Jurassic 5,Power In Numbers,2002,3.46,hip-hop,https://i.scdn.co/image/241e3ebd29964d7c4be2a5b62553af4a9877d4e2
243,Beck,Odelay,1996,3.45,"rock, folk",https://i.scdn.co/image/1aa8e7cd9c52832e89ad0807b2b91da593ef5e20
244,Eminem,The Marshall Mathers LP,2000,3.45,hip-hop,https://i.scdn.co/image/ab67616d00001e02698fad59b42b7fb43d31b608
245,Cream,Disraeli Gears,1967,3.45,rock,https://i.scdn.co/image/d5fe07dc048d5c0d3ad6aee0e9cbf72f67725dad
246,Moby,Play,1999,3.45,electronica,https://i.scdn.co/image/ab67616d00001e0273b063d18cd9be91eb12284a
247,Prince,Sign 'O' The Times,1987,3.45,"funk, rock, pop, soul",https://i.scdn.co/image/ef092f3c3d75f8284b7f590e3ebc7d5e97bc06c6
248,Amy Winehouse,Frank,2003,3.45,"soul, jazz",https://i.scdn.co/image/ab67616d00001e0214655886a5d7ef8a606e0c1f
249,Radiohead,Hail To the Thief,2003,3.45,rock,https://i.scdn.co/image/ab67616d00001e020da53e8f58e59f28a79c10c7
250,Janelle Monáe,The ArchAndroid,2010,3.45,"pop, soul",https://i.scdn.co/image/be8c0c9df007c75ed0da899d85f8ce532971b7bb
251,OutKast,Speakerboxxx/The Love Below,2003,3.45,hip-hop,https://i.scdn.co/image/a8a8b9164bfc6ecba3db5d9ecdcd95c9550a26c5
252,Neil Young,On The Beach,1974,3.45,"rock, folk",https://i.scdn.co/image/05c9cd8e29e04f03a007263aab63dfa484884d5d
253,The Police,Reggatta De Blanc,1979,3.45,rock,https://i.scdn.co/image/ab67616d00001e028ec81cc654b45ade8bdf1486
254,De La Soul,3 Feet High and Rising,1989,3.45,hip-hop,https://i.scdn.co/image/ab67616d00001e02fa8d314f6f91e81889335dfc
255,Beck,Guero,2005,3.45,rock,https://i.scdn.co/image/ab67616d00001e0242b1d9121baa3c313a0564e5
256,U2,War,1983,3.45,rock,https://i.scdn.co/image/ab67616d00001e02673526fcf35ab235e1a9d94c
257,The Smiths,"Strangeways, Here We Come",1987,3.44,rock,https://i.scdn.co/image/36e45af1c5002653d4aa16a568364cb300fe4390
258,Sex Pistols,"Never Mind The Bollocks, Here’s The Sex Pistols",1977,3.44,punk,https://i.scdn.co/image/4aca38fa6fc4df26994f65e96f7e137a02c2b951
259,John Lennon,Imagine,1971,3.44,rock,https://i.scdn.co/image/ddb3533b14c68aa130e4cf01fabb4a501ec8f405
260,Isaac Hayes,Hot Buttered Soul,1969,3.44,soul,https://i.scdn.co/image/6f32ba0e4d6bff557b2a61a288caf3857b5753d9
261,The Temptations,All Directions,1972,3.44,"pop, soul, funk",https://i.scdn.co/image/b2e338e9d3c09ccc652e6cbb1c6c05d0b6399114
262,James Brown,James Brown Live At The Apollo,1963,3.44,"funk, soul",https://i.scdn.co/image/ab67616d00001e02fdb85e117008b8f7d5add502
263,Fela Kuti,Live!,1971,3.44,"funk, soul, world",https://i.scdn.co/image/bf1faa1ed75c701fffb89dd008df00494aed0880
264,Fleet Foxes,Fleet Foxes,2008,3.43,"pop, folk, rock",https://i.scdn.co/image/a25c28a11fa0dfc77373bbef28644caddae89911
265,Coldplay,A Rush Of Blood To The Head,2002,3.43,"pop, rock",https://i.scdn.co/image/4a408081438be137b71b1e8afafb98795d53e9d6
266,LCD Soundsystem,Sound of Silver,2007,3.43,"rock, electronica",https://i.scdn.co/image/ab67616d00001e02e6272ad26e7a55bc342a6dd0
267,The Mamas & The Papas,If You Can Believe Your Eyes & Ears,1966,3.43,"pop, rock, folk",https://i.scdn.co/image/ab67616d00001e0208181b9f840a06e7a071cf72
268,Jethro Tull,Aqualung,1971,3.43,rock,https://i.scdn.co/image/a5642f7ab6672a31cf642ce11ca0e90b6a0a9280
269,Sly & The Family Stone,Stand!,1969,3.43,"rock, soul, funk",https://i.scdn.co/image/17be8c2064a5d0e4d9f5e5ba24d403040ffc5e29
270,Talking Heads,More Songs About Buildings And Food,1978,3.42,"rock, punk",https://i.scdn.co/image/678a80a619331b59ade8edadf206ece884089e1f
271,Pulp,Different Class,1995,3.42,rock,https://i.scdn.co/image/413d8a76aaf77a00e832b44be25b21c5253c0171
272,Harry Nilsson,Nilsson Schmilsson,1971,3.42,"rock, pop",https://i.scdn.co/image/144923cddd39a04b4d511e93ac10f59d3acd1a31
273,Cocteau Twins,Heaven Or Las Vegas,1990,3.42,"rock, electronica, pop",https://i.scdn.co/image/b38f009d63f01ca8cb81eae7fd3502b649848c49
274,Duke Ellington,Ellington at Newport,1956,3.42,jazz,https://i.scdn.co/image/ab67616d00001e0272c6eda3eb7ed3d1190210b4
275,Funkadelic,One Nation Under A Groove,1978,3.42,"funk, rock, soul",https://i.scdn.co/image/ab67616d00001e020bdaac825d2a2cba490bc4fd
276,R.E.M.,Murmur,1983,3.41,rock,https://i.scdn.co/image/ab67616d00001e02b4934d60e64f53f5ebce044f
277,Metallica,...And Justice For All,1988,3.41,metal,https://i.scdn.co/image/acb6fa806b845764a43775310e4378d2c9503f5f
278,The Zombies,Odessey And Oracle,1968,3.41,"rock, pop",https://i.scdn.co/image/d43900a63d336bcf6d208994a3ba21062db3b207
279,Meat Loaf,Bat Out Of Hell,1977,3.41,rock,https://i.scdn.co/image/24811e7b3bc5ee8aaac1222f79157de0d6b8fcd8
280,Radiohead,Amnesiac,2001,3.41,rock,https://i.scdn.co/image/ab67616d00001e02863e0e305637100311c91aa7
281,Bruce Springsteen,Darkness on the Edge of Town,1978,3.41,rock,https://i.scdn.co/image/c8148868436416cd70acaa93b20eebaf99b3987e
282,Big Brother & The Holding Company,Cheap Thrills,1968,3.41,rock,https://i.scdn.co/image/e7e2a998bf29072bdefc9151935fe90cf531a73c
283,The Police,Synchronicity,1983,3.4,"rock, pop",https://i.scdn.co/image/a015478876d45a0d6664ba535be409dce0ffee71
284,Björk,Debut,1993,3.4,"pop, electronica, rock",https://i.scdn.co/image/dce7e36f8454c7c826361b506ab6c8de10d9eab1
285,The Who,My Generation,1965,3.4,rock,https://i.scdn.co/image/b000e85e309ccce0087370dfe78e29291ffa177f
286,Kanye West,My Beautiful Dark Twisted Fantasy,2010,3.4,hip-hop,https://i.scdn.co/image/2225ea2c7fdb286dfc69ffbc1a67a1b92a9ad3e4
287,The Prodigy,The Fat Of The Land,1997,3.4,electronica,https://i.scdn.co/image/a482bfa14e61812b58f8d0fc3891e6654d68078d
288,Supertramp,Crime Of The Century,1974,3.4,rock,https://i.scdn.co/image/ab67616d00001e0289d7032603b62e9aedb03fa2
289,Iron Maiden,Iron Maiden,1980,3.4,metal,https://i.scdn.co/image/ab67616d00001e026ac3ed972e1c181cd2ee8d55
290,ZZ Top,Tres Hombres,1973,3.4,rock,https://i.scdn.co/image/43c72019f87f646d2fa22e12b87c71a143e105c1
291,The Kinks,The Village Green Preservation Society,1968,3.4,"rock, pop",https://i.scdn.co/image/62a2f87fc44e0a69f93f2857163fd7d6b737b13b
292,Steely Dan,Pretzel Logic,1974,3.39,"rock, jazz",https://i.scdn.co/image/5492401a2abbca8830fa1c34faabd9ba6db0e977
293,Blur,Parklife,1994,3.39,rock,https://i.scdn.co/image/ab67616d00001e02a48623a5b93c93a9bda15e8d
294,Massive Attack,Blue Lines,1991,3.39,electronica,https://i.scdn.co/image/b42d4f128807cffcda24466368b6abdac9c25516
295,The Cure,Seventeen Seconds,1980,3.39,"rock, punk",https://i.scdn.co/image/ab67616d00001e02d86176dec9e7fda23022cf38
296,The Temptations,Cloud Nine,1969,3.39,"pop, soul, funk",https://i.scdn.co/image/81a12b0f8762d057c3e8ed0fdef7cf7b9ae9e4dc
297,The Go-Go's,Beauty And The Beat,1981,3.39,"rock, pop",https://i.scdn.co/image/ab67616d00001e028a25755534e84d8a604e6b38
298,Elliott Smith,Either Or,1997,3.39,rock,https://i.scdn.co/image/d25af66a68002d0adfe8763bed34f0dbabd9d151
299,Garbage,Garbage,1995,3.39,"rock, electronica",https://i.scdn.co/image/9965e7d9e453e1fea382010f13fa0c896e9b2274
300,Linkin Park,Hybrid Theory,2000,3.39,"rock, metal",https://i.scdn.co/image/ab67616d00001e022cd7568f8895a3c031c2e2fb
301,Keith Jarrett,The Köln Concert,1975,3.39,jazz,https://i.scdn.co/image/ab67616d00001e0264d8292b7825888183e4da28
302,Pixies,Bossanova,1990,3.38,rock,https://i.scdn.co/image/bc5f84f3583de382308077c9cf4eb7d3e5a00236
303,Depeche Mode,Music for the Masses,1987,3.38,"rock, electronica",https://i.scdn.co/image/f42ab3d97afe2de01de64878b98ed9586bfae428
304,PJ Harvey,"Stories From The City, Stories From The Sea",2000,3.38,rock,https://i.scdn.co/image/d666c791fcc9f8e13842a5026e2d1eab672c7f77
305,Leonard Cohen,Songs Of Leonard Cohen,1967,3.38,"folk, rock",https://i.scdn.co/image/e902aba2fb201eb163d6152ecc288eafdd3dfe81
306,Booker T. & The MG's,Green Onions,1962,3.38,"soul, funk",https://i.scdn.co/image/822693478f008d58bd47af7de8a00cc88dc0605f
307,Tom Petty and the Heartbreakers,Tom Petty & The Heartbreakers,1976,3.38,rock,https://i.scdn.co/image/ab67616d00001e027e42a53ea7f2ad4f36ab23a5
308,The Kinks,Arthur (Or the Decline and Fall of the British Empire),1969,3.38,"rock, pop",https://i.scdn.co/image/7b473f17f3728288927426f7dec0fcbd00c30c77
309,Derek & The Dominos,Layla And Other Assorted Love Songs,1970,3.38,"rock, blues",https://i.scdn.co/image/ab67616d00001e02fbcaf7402f38faac27610efc
310,Jimmy Smith,Back At The Chicken Shack,1963,3.38,jazz,https://i.scdn.co/image/d134231706dd69f75f286d4c9cc0b8e2686cca79
311,Willie Nelson,Stardust,1978,3.38,country,https://i.scdn.co/image/cd277437206502ee642aa0ea677bb688b9385599
312,The War On Drugs,Lost In The Dream,2014,3.38,rock,https://i.scdn.co/image/ab67616d00001e02f34338e9270f9c0561cf4c7e
313,Norah Jones,Come Away With Me,2002,3.38,"jazz, pop",https://i.scdn.co/image/b82ae5622075fa43ddecf556de69ca89ea24961a
314,Jack White,Blunderbuss,2012,3.38,rock,https://i.scdn.co/image/ab67616d00001e0231521abf3574d6f66084f366
315,The Verve,Urban Hymns,1997,3.37,rock,https://i.scdn.co/image/58b696c0504f5b0ee9c5c36f86fd476b710ff20a
316,Sigur Rós,Ágætis Byrjun,1999,3.37,rock,https://i.scdn.co/image/14f52d613a1f0525e2bc213388496b6173112088
317,Sarah Vaughan,At Mister Kelly's,1957,3.37,jazz,https://i.scdn.co/image/ab67616d00001e02dd2d50ea0c0f3e840d903d41
318,Curtis Mayfield,There's No Place Like America Today,1975,3.37,"soul, funk",https://i.scdn.co/image/ab67616d00001e0295e23a70289d4e4d6dfd8b8f
319,Adele,25,2015,3.37,pop,https://i.scdn.co/image/ab67616d00001e02f1ea3305aa003425dda05882
320,Jorge Ben Jor,Africa Brasil,1976,3.37,"latin, funk",https://i.scdn.co/image/2b78959aeaf66aa1889a2afb819f18ba9e585c50
321,The White Stripes,Get Behind Me Satan,2005,3.37,rock,https://i.scdn.co/image/ab67616d00001e02e8a1ae591befe4bb0a9261ab
322,Elvis Presley,Elvis Presley,1956,3.36,rock,https://i.scdn.co/image/ab67616d00001e02f45cec7e72b9dec993c18872
323,The Offspring,Smash,1994,3.36,"punk, rock",https://i.scdn.co/image/09934081809828316994487d7ca9e4e65d1c14cd
324,Rush,2112,1976,3.36,rock,https://i.scdn.co/image/ab67616d00001e02ae89fb5c4c8d65809e0c8ed4
325,ZZ Top,Eliminator,1983,3.36,rock,https://i.scdn.co/image/f8036e7f6f60a1866f334f20054bcd9f8da07b1f
326,The Notorious B.I.G.,Ready To Die,1994,3.36,hip-hop,https://i.scdn.co/image/80c4ece4e5ce825c001f6d3c8ba69dc62f5be153
327,The Allman Brothers Band,At Fillmore East,1971,3.36,"rock, blues",https://i.scdn.co/image/0468734b3dec4521326f160ef484e3b162600567
328,Public Enemy,It Takes A Nation Of Millions To Hold Us Back,1988,3.36,hip-hop,https://i.scdn.co/image/5068077fe78dba0c274252512b969aa0fc3dca9a
329,Solomon Burke,Rock 'N Soul,1964,3.36,soul,https://i.scdn.co/image/ab67616d00001e0209133b648545410eeba21d0d
330,Fats Domino,This Is Fats Domino,1957,3.36,"blues, rock, soul",https://i.scdn.co/image/1753fb7d8c99249c818a94beba279d9b3165ba2b
331,The Rolling Stones,Aftermath,1966,3.35,rock,https://i.scdn.co/image/ab67616d00001e02398405e5bda507a0e50e6d2d
332,Nine Inch Nails,The Downward Spiral,1994,3.35,rock,https://i.scdn.co/image/9dff921c6d875f5aeba8ded152722184b5fc6bda
333,Frank Zappa,Hot Rats,1969,3.35,"rock, jazz",https://i.scdn.co/image/de00035155324c6706fcb8af1ca14d418d0c1a06
334,Pretenders,Pretenders,1979,3.35,"rock, punk",https://i.scdn.co/image/ab67616d00001e02d8ac1ebda097da9a3a82fe71
335,Supergrass,I Should Coco,1995,3.35,rock,https://i.scdn.co/image/66fa1e206cb804815e908ab3bc072dd2406e1c6b
336,Joni Mitchell,Court And Spark,1974,3.35,"folk, rock",https://i.scdn.co/image/2feb03af4de0c6e3c10453603155bc2dff4b1901
337,Hugh Masekela,Home Is Where The Music Is,1972,3.35,"jazz, world",https://i.scdn.co/image/32ab9b86a46e162739d23efde82fcce7c3665873
338,War,The World is a Ghetto,1972,3.35,"soul, funk",https://i.scdn.co/image/ab67616d00001e0262f7c579da4d8219a0f81bf1
339,The xx,xx,2009,3.34,"pop, rock",https://i.scdn.co/image/ab67616d00001e0248a95897fd91eb34032a93e3
340,The Smiths,Meat Is Murder,1985,3.34,rock,https://i.scdn.co/image/b043d763e859a3b1d60f2c17b9615f9cdb8dd821
341,Frank Ocean,Channel Orange,2012,3.34,"hip-hop, soul, pop",https://i.scdn.co/image/ab67616d00001e02f11f1c4ad183b7fa625f8534
342,DJ Shadow,Endtroducing.....,1996,3.34,"hip-hop, electronica",https://i.scdn.co/image/e3f6b87514c8a0ad6918d57345821e4412d510fd
343,The Band,The Band,1969,3.34,"rock, country, folk",https://i.scdn.co/image/ab67616d00001e02a6783876afd7e9c96f0869e3
344,CHIC,C'est Chic,1978,3.34,"funk, soul",https://i.scdn.co/image/2a5dc4947d5e4dff6d434973d3042cfc75008f73
345,The Band,Music From Big Pink,1968,3.34,"rock, country, folk",https://i.scdn.co/image/213677a0f7e47e8d64202b515ebfcf6cbbbd825f
346,Common,Be,2005,3.34,"hip-hop, soul",https://i.scdn.co/image/6eb89c0ada50ad46200bf471b3bd23d0531092dc
347,Public Enemy,Fear Of A Black Planet,1990,3.34,hip-hop,https://i.scdn.co/image/103dbfcea9dbff1393c3499492e5951b180ee26c
348,Joan Armatrading,Joan Armatrading,1976,3.34,"pop, rock, folk",https://i.scdn.co/image/388a87504f952b6a652b0297893261f343622306
349,Siouxsie And The Banshees,Juju,1981,3.34,"rock, punk",https://i.scdn.co/image/6c7cb961e2c95eaad94a9c529d131a14b2b666f6
350,Willie Nelson,Red Headed Stranger,1975,3.34,country,https://i.scdn.co/image/ab67616d00001e020e5489389aa853f454a4b1e8
351,Snoop Dogg,Doggystyle,1993,3.34,hip-hop,https://i.scdn.co/image/ab67616d00001e02733af86f8dea9692a3f59d29
352,Blur,Blur,1997,3.33,rock,https://i.scdn.co/image/ab67616d00001e0218073371261cd205988be64d
353,Beck,Sea Change,2002,3.33,"rock, folk",https://i.scdn.co/image/6595d699679f8b6f8de8fb9294951b62efaa19d7
354,Elliott Smith,Figure 8,2000,3.33,rock,https://i.scdn.co/image/aef6f6aaf3c387f07af42794761da132331334c2
355,Elvis Costello,My Aim Is True,1977,3.33,"rock, pop",https://i.scdn.co/image/ab67616d00001e02008a93d976cfd5a76ba06b9b
356,Charles Mingus,The Black Saint And The Sinner Lady,1963,3.33,jazz,https://i.scdn.co/image/503bf8d57dd506dd50ca8e0b150b950e8c2c6004
357,Arcade Fire,Neon Bible,2007,3.33,rock,https://i.scdn.co/image/ab67616d00001e029e0e42aa866e5fa167b19608
358,Dusty Springfield,A Girl Called Dusty,1964,3.33,"pop, folk, soul, jazz",https://i.scdn.co/image/7b0b9a773be7ba2f7cb256bd8e901890d058fc16
359,Elvis Presley,From Elvis In Memphis,1969,3.33,rock,https://i.scdn.co/image/ab67616d00001e02fdc0aa7765f3197ac9179ec7
360,Marty Robbins,Gunfighter Ballads And Trail Songs,1959,3.33,country,https://i.scdn.co/image/c93e448becc81045daeb87c32bf78a0395306610
361,Thin Lizzy,Live And Dangerous,1978,3.33,"metal, rock",https://i.scdn.co/image/ab67616d00001e02303bedcb0e70ac901cf09d43
362,Songhoy Blues,Music in Exile,2015,3.33,"world, rock, blues",https://i.scdn.co/image/ab67616d00001e020d3c010fcecbeb9669801e42
363,Willie Colón & Rubén Blades,Siembra,1978,3.33,latin,https://i.scdn.co/image/ab67616d00001e02e646fcd49b6dfc91d1dba2ae
364,Fatboy Slim,You've Come a Long Way Baby,1998,3.32,electronica,https://i.scdn.co/image/ab67616d00001e029f5e43145dd6d4a3ead77056
365,Yes,Fragile,1971,3.32,rock,https://i.scdn.co/image/ab67616d00001e0256325ff85cba9491cf55c215
366,Wilco,Yankee Hotel Foxtrot,2001,3.32,rock,https://i.scdn.co/image/49edf93bc77268abd7fa5facd51202fffa67d2ee
367,Thelonious Monk,Brilliant Corners,1957,3.32,jazz,https://i.scdn.co/image/ab67616d00001e026f955e40e9783400a004ae55
368,Nick Cave & The Bad Seeds,Abattoir Blues / The Lyre of Orpheus,2004,3.32,rock,https://i.scdn.co/image/4b2abdb9116cbb3e1e430a3a010a964fc7c54682
369,The Cure,Pornography,1982,3.32,"rock, punk",https://i.scdn.co/image/5199df98157eb762ed720f2f76d7e7f250111b5f
370,Hole,Live Through This,1994,3.32,rock,https://i.scdn.co/image/64314deed7073f079241fd25c9f37cd7442d3cee
371,Lorde,Melodrama,2017,3.31,pop,https://i.scdn.co/image/ab67616d00001e02f8553e18a11209d4becd0336
372,Kraftwerk,The Man Machine,1978,3.31,electronica,https://i.scdn.co/image/916da41b713993c9a7b6d957f304da51bdea9347
373,Yes,The Yes Album,1971,3.31,rock,https://i.scdn.co/image/ab67616d00001e026489ca30c7b4c0a2792768e3
374,The Stooges,Raw Power,1973,3.31,"rock, punk",https://i.scdn.co/image/5af77ca175c106e062da41a71880f20042b74c91
375,Leonard Cohen,You Want It Darker,2016,3.31,"folk, rock",https://i.scdn.co/image/ab67616d00001e028fc3f01275cae3d8ecb1c26b
376,Deep Purple,Deep Purple In Rock,1970,3.31,"metal, rock",https://i.scdn.co/image/d7f4c62549310ce0bc44f9312461395da8696e59
377,The Who,Live At Leeds,1970,3.31,rock,https://i.scdn.co/image/ab67616d00001e02692c12f604e384578a70272f
378,The Pogues,If I Should Fall From Grace With God,1988,3.31,"punk, rock, folk",https://i.scdn.co/image/55eae0f06a240c8b0f213520feaf780eaf97f813
379,Bruce Springsteen,Nebraska,1982,3.31,rock,https://i.scdn.co/image/3d9db05ea029fd266227dfc6b85d8a074f4bd050
380,Hole,Celebrity Skin,1998,3.31,rock,https://i.scdn.co/image/ef5dd7e57f88fc9266f6c713f83eddbc3067b810
381,Kanye West,The College Dropout,2004,3.3,hip-hop,https://i.scdn.co/image/2ea6ee2881ffc28e50aafa8254dee27ab9f58220
382,The Who,Tommy,1969,3.3,rock,https://i.scdn.co/image/5daaea0ec82e562e7fae01b5200a5dee4a16d751
383,Elvis Costello & The Attractions,This Year's Model,1978,3.3,"rock, pop",https://i.scdn.co/image/317126abc2cd089cfc2d9446b202a93d20edc790
384,Dr. Dre,The Chronic,1992,3.3,hip-hop,https://i.scdn.co/image/ab67616d00001e02dc20ba099bc933674f58ebae
385,Bill Evans Trio,Sunday At The Village Vanguard,1961,3.3,jazz,https://i.scdn.co/image/ab67616d00001e027470b2e6751e5f77de46dc4c
386,Patti Smith,Horses,1975,3.3,"punk, rock",https://i.scdn.co/image/ab67616d00001e02f6e013384bb28789fd5af8ea
387,Miles Davis,Bitches Brew,1970,3.3,jazz,https://i.scdn.co/image/ab67616d00001e023f29c5269be5a4e9c4611d7a
388,New Order,Low-Life,1985,3.3,"electronica, rock, punk",https://i.scdn.co/image/ab67616d00001e02d3495c4785236068ebc7fdc8
389,Queens Of The Stone Age,Queens of the Stone Age,1998,3.3,rock,https://i.scdn.co/image/ab67616d00001e022021e21bc55e928b744a0113
390,The B-52's,B-52's,1979,3.3,"rock, punk",https://i.scdn.co/image/ab67616d00001e02c93cd25cc5a8ceb7674f9c1a
391,Sly & The Family Stone,There's A Riot Goin' On,1971,3.3,"rock, soul, funk",https://i.scdn.co/image/ab67616d00001e0222d8fc51ab5a8d5fcb2391db
392,The Beach Boys,Surf's Up,1971,3.29,"pop, rock",https://i.scdn.co/image/0d63cfe4af962b4ea8a8855ae00e658897e1bc09
393,U2,Achtung Baby,1991,3.29,rock,https://i.scdn.co/image/0978ae288f1e1e17b1c3ecacfec2d354836877d1
394,David Bowie,The Next Day,2013,3.29,rock,https://i.scdn.co/image/ab67616d00001e02e3a383b116eabe5dcbf132b4
395,Yeah Yeah Yeahs,Fever To Tell,2003,3.29,"rock, punk",https://i.scdn.co/image/d6c65eae8f038f0e85323a7c9f686283c72b2727
396,Sonic Youth,Daydream Nation,1988,3.29,rock,https://i.scdn.co/image/ab67616d00001e02dae82a57e7385bc847f9f495
397,Eagles,Eagles,1972,3.29,"country, rock, folk",https://i.scdn.co/image/ab67616d00001e02c13acd642ba9f6f5f127aa1b
398,The Cardigans,First Band On The Moon,1996,3.29,"pop, rock",https://i.scdn.co/image/fed36f5d9e671890bd478d06f1b37a535a8398c4
399,Tina Turner,Private Dancer,1984,3.29,"pop, rock",https://i.scdn.co/image/e4c1dc92a1ee6940bf8a8b547c36a813728e32f2
400,Bon Jovi,Slippery When Wet,1986,3.29,"metal, rock",https://i.scdn.co/image/2da883f3a09c741ebfa6c5ef3291816755e80af2
401,GZA,Liquid Swords,1995,3.29,hip-hop,https://i.scdn.co/image/ab67616d00001e0284b6abc19fb31fb382378bbc
402,Steely Dan,Countdown To Ecstasy,1973,3.29,"rock, jazz",https://i.scdn.co/image/2d23f930fc045dca2384e0e62cbf632712a0bd99
403,George Michael,Faith,1987,3.29,pop,https://i.scdn.co/image/3bf5a8a009d4cd25caef6ba565fa53e2c40a58bb
404,Tito Puente,Dance Mania,1958,3.29,"jazz, latin",https://i.scdn.co/image/ab67616d00001e020c02eb4c7b99aeb4fd39f095
405,Calexico,Feast of Wire,2003,3.29,rock,https://i.scdn.co/image/ab67616d00001e02921c60346e9b9572cdbb855a
406,Peter Gabriel,Peter Gabriel 3,1980,3.29,rock,https://i.scdn.co/image/ab67616d00001e02c3e9ebd5e1999ae3ab639023
407,Dolly Parton,Trio,1987,3.28,"country, pop",https://i.scdn.co/image/ab67616d00001e02cb1f86c385af02a0005f3aae
408,Buddy Holly & The Crickets,Chirping Crickets,1957,3.28,"pop, rock",https://i.scdn.co/image/ab67616d00001e02c6c513f39a29c6958f83f8aa
409,Judas Priest,British Steel,1980,3.28,"metal, rock",https://i.scdn.co/image/4e457a6c048eff0456d83077be966d2182e77c33
410,The Specials,The Specials,1979,3.28,"rock, reggae",https://i.scdn.co/image/ab67616d00001e02d91ec3edb2f08fe086b699d1
411,The Avalanches,Since I Left You,2000,3.28,electronica,https://i.scdn.co/image/bf4c7f0149433ad1484e98b85d366a0691e83bee
412,Daft Punk,Homework,1997,3.28,electronica,https://i.scdn.co/image/2d08bcbf8a088a15d67d0892795a7798d61b5f30
413,The Black Crowes,Shake Your Money Maker,1990,3.28,rock,https://i.scdn.co/image/568361b615930a28e2dac5c5341612395d769282
414,The Flaming Lips,The Soft Bulletin,1999,3.28,"rock, pop",https://i.scdn.co/image/13dc880fa013cbcda6d7216237be78b56ddfbd0a
415,Motörhead,Ace of Spades,1980,3.28,metal,https://i.scdn.co/image/ab67616d00001e02bb7d33186e4a26421c6a77ae
416,The Stooges,Fun House,1970,3.28,"rock, punk",https://i.scdn.co/image/ab67616d00001e022c7d41ae194ef7aaaba3fee3
417,T. Rex,The Slider,1972,3.28,rock,https://i.scdn.co/image/f4dded31ebc9f5d744bf43325c908d084a6cf3c0
418,CHIC,Risque,1979,3.28,"funk, soul",https://i.scdn.co/image/fce7ad18ff873de4ee1b2379dabb85d8bdd4642b
419,Machito,Kenya,1957,3.28,jazz,https://i.scdn.co/image/48d99b8044772b28293ac2b444512e4c8e3ffb14
420,Grandmaster Flash & The Furious Five,The Message,1982,3.28,hip-hop,https://i.scdn.co/image/ab67616d00001e027bc060205baad6a6ff456d2f
421,Deep Purple,Made In Japan,1972,3.27,"metal, rock",https://i.scdn.co/image/ab67616d00001e0255b8ce9be020127f7b8a76f3
422,Justice,Cross,2007,3.27,electronica,https://i.scdn.co/image/ab67616d00001e021c0bcf8b536295438d26c70d
423,The Stooges,The Stooges,1969,3.27,"rock, punk",https://i.scdn.co/image/7ff9a40add5c14858bd506358c58af25c163b592
424,System Of A Down,System Of A Down,1998,3.27,"metal, rock",https://i.scdn.co/image/ab67616d00001e022dc63e977bd5101072adcef6
425,Don McLean,American Pie,1971,3.27,"rock, folk",https://i.scdn.co/image/e0bc1479d6f0e3557ea12f90b1683c2ac9d70ffe
426,The Kinks,Face to Face,1966,3.27,rock,https://i.scdn.co/image/3453633bb0cd787a800c7aec83f3c86574886bb1
427,Frank Sinatra,In The Wee Small Hours,1955,3.27,jazz,https://i.scdn.co/image/58493eba45ca8e8db54d0b6cddccaef511595cce
428,Frank Sinatra,Francis Albert Sinatra & Antonio Carlos Jobim,1967,3.27,"jazz, latin",https://i.scdn.co/image/1565f5b49a1ba5b79fcb1b717ed49dfbe445f606
429,Dead Kennedys,Fresh Fruit for Rotting Vegetables,1980,3.27,punk,https://i.scdn.co/image/ab67616d00001e027f8886395123db9de339c5f3
430,Sinead O'Connor,I Do Not Want What I Haven't Got,1990,3.27,"folk, rock",https://i.scdn.co/image/8c3d9efef8b6ed2902f5bdc03a3a6f8549dd59aa
431,Eminem,The Slim Shady LP,1999,3.26,hip-hop,https://i.scdn.co/image/86c91c6d4df8e9e2a6e61e658a8cf72f45153501
432,The Beach Boys,The Beach Boys Today!,1965,3.26,"pop, rock",https://i.scdn.co/image/ab67616d00001e027945f2293cda50453c1af2f9
433,Beach House,Teen Dream,2010,3.26,"pop, rock",https://i.scdn.co/image/a82e48de2b22c74c579da42d0acab664609fe906
434,Metallica,S&M,1999,3.26,metal,https://i.scdn.co/image/86e6ad42510e64f3758cd4077bb2955514241865
435,Eels,Beautiful Freak,1996,3.26,rock,https://i.scdn.co/image/681a7a50cf9ae86e2f82e6373c50957a605fa309
436,Jamiroquai,Emergency On Planet Earth,1993,3.26,"funk, jazz, soul",https://i.scdn.co/image/fb9da088b5d1bba8f71a37ab56821078f0a9acfa
437,Gang Of Four,Entertainment,1979,3.26,punk,https://i.scdn.co/image/54a5f3a76472aeb846d0fd0b226ef8ef59b242dd
438,The Replacements,Let It Be,1984,3.26,"rock, punk",https://i.scdn.co/image/e6b7017e41004f75772887ce49368884ce7fa7db
439,The Pogues,Rum Sodomy & The Lash,1985,3.26,"punk, rock, folk",https://i.scdn.co/image/8dee3d7558dc0d3444648f8da9dd1186c4c3a07f
440,Shuggie Otis,Inspiration Information,1974,3.26,"soul, funk, jazz, rock",https://i.scdn.co/image/626bbd1ddc3be50690c172956e17f7eb5c110388
441,Femi Kuti,Femi Kuti,1995,3.26,"pop, world",https://i.scdn.co/image/ab67616d00001e0268361c848aea8da145849539
442,Big Star,#1 Record,1972,3.26,"rock, pop",https://i.scdn.co/image/ab67616d00001e02df6db6e75b87f002ab397d33
443,Taylor Swift,1989,2014,3.25,pop,https://i.scdn.co/image/ab67616d00001e02b7e976d2b35c767f9012cb72
444,Aerosmith,Toys In The Attic,1975,3.25,rock,https://i.scdn.co/image/3a37fdb2d1e260fb79a879d83aad8331a2d9f475
445,Jerry Lee Lewis,"Live At The Star Club, Hamburg",1964,3.25,rock,https://i.scdn.co/image/ab67616d00001e0289bf701a4bf3328b3faa848d
446,Sonic Youth,Goo,1990,3.25,rock,https://i.scdn.co/image/d5bbe8a7e2554e06e8277a28f4f3fe8c7edd020a
447,Van Morrison,Astral Weeks,1968,3.25,"rock, folk, soul, jazz",https://i.scdn.co/image/43db3bf931cb73e7ad4ee3a5d59760aa608af00a
448,The Jam,Sound Affects,1980,3.25,punk,https://i.scdn.co/image/ab67616d00001e0204e7372b26d27803779696f4
449,The Kinks,Something Else By The Kinks,1967,3.25,"rock, pop",https://i.scdn.co/image/44184eb90b7d8d501ee209d715ab77b7d9ce475f
450,Pavement,Crooked Rain Crooked Rain,1994,3.25,rock,https://i.scdn.co/image/3454a4c72cc45f9d3abc519a67da1e253748f9b9
451,Erykah Badu,Mama's Gun,2000,3.25,"hip-hop, soul",https://i.scdn.co/image/531604b045bbd8dec8027e9c7c0b4ec7337c8459
452,The Last Shadow Puppets,The Age Of The Understatement,2008,3.25,rock,https://i.scdn.co/image/ab67616d00001e0256e4e3118af9dec4a5670a33
453,Isaac Hayes,Shaft,1971,3.25,"soul, funk, jazz",https://i.scdn.co/image/03bed0bb8632d2ad769b604d7e2462bee7b350ad
454,2Pac,Me Against The World,1995,3.25,hip-hop,https://i.scdn.co/image/ab67616d00001e0204b9ab6bd4bf6a350ba902ea
455,Paul McCartney,McCartney,1970,3.25,"rock, pop",https://i.scdn.co/image/ab67616d00001e02c511c6b8a8568aee99ddf18b
456,Elbow,The Seldom Seen Kid,2008,3.24,rock,https://i.scdn.co/image/ab67616d00001e02967a417ba6b1db017324e8a8
457,Grateful Dead,American Beauty,1970,3.24,"rock, country",https://i.scdn.co/image/ab67616d00001e0286070b8564585d32eb09f9fe
458,Eurythmics,Sweet Dreams (Are Made Of This),1983,3.24,"rock, pop, electronica",https://i.scdn.co/image/7065116837252e1701ded5aceb9754fdc1d0a685
459,The Jam,All Mod Cons,1978,3.24,punk,https://i.scdn.co/image/c5cbaad65dcd4bce2bd1c629b7adc6218281b319
460,Massive Attack,Protection,1994,3.24,electronica,https://i.scdn.co/image/1946f99c0408e958f88c1811f1d9d92df0a4b16f
461,Ice Cube,The Predator,1992,3.24,hip-hop,https://i.scdn.co/image/ab67616d00001e02994c319841a923465d62e271
462,PJ Harvey,Dry,1992,3.24,rock,https://i.scdn.co/image/ab67616d00001e021443f3bf70161da732dd876b
463,The Roots,Phrenology,2002,3.24,hip-hop,https://i.scdn.co/image/ab13f3bb03bf4459db052d2163e2dcf4613bbfb0
464,Bad Company,Bad Company,1974,3.24,rock,https://i.scdn.co/image/c2e368e2e5a2cada0b1ab31d3b09458b28ecd4eb
465,Rod Stewart,Every Picture Tells A Story,1971,3.24,"rock, pop",https://i.scdn.co/image/909b3bc8f74f49f5a4445451b7a2b6942205fc43
466,Megadeth,Rust In Peace,1990,3.24,metal,https://i.scdn.co/image/34f4c4d55279c0ef0bf4cfbc7810e674d44bf6ce
467,The Undertones,The Undertones,1979,3.24,"rock, punk",https://i.scdn.co/image/8a75c565561d8eb7037f9fa8ce3f9c152904b4ae
468,Incredible Bongo Band,Bongo Rock,1973,3.24,"funk, rock",https://i.scdn.co/image/ab67616d00001e02f657e21d07b290f649ecd76f
469,John Lennon,John Lennon/Plastic Ono Band,1970,3.24,"rock, pop",https://i.scdn.co/image/ab67616d00001e026462162d227ec2be2ebee12d
470,Van Morrison,It's Too Late to Stop Now,1974,3.24,"rock, folk, jazz",https://i.scdn.co/image/ab67616d00001e029d89f7103665500c348610b3
471,Gil Scott-Heron,Winter In America,1974,3.24,"jazz, soul, blues",https://is4-ssl.mzstatic.com/image/thumb/Music/0d/bd/70/mzi.fhugnmuo.jpg/300x300bb.jpeg
472,Joy Division,Closer,1980,3.23,"rock, punk",https://i.scdn.co/image/495b0bcde594892e785c0b669f342a6944bb7e6a
473,Air,Virgin Suicides,2000,3.23,"pop, electronica, rock",https://i.scdn.co/image/2a7309b0bdddfa0b4ceadda320979e75f05d245c
474,Belle & Sebastian,Tigermilk,1996,3.23,"rock, pop",https://i.scdn.co/image/22f2917818be8096cbaed454a32395f4f4b0eb4b
475,Echo And The Bunnymen,Ocean Rain,1984,3.23,"rock, punk",https://i.scdn.co/image/68115c3b33036f276930c1c2934aea4a60ad46bb
476,Supergrass,In It For The Money,1997,3.23,rock,https://i.scdn.co/image/6fc7b99bd7497cf86e8d56e2c4d2af572c8a47cb
477,Wilco,Being There,1996,3.23,"country, rock",https://i.scdn.co/image/7ed8c0d87b4338447d3153b842645b309a142c6e
478,Madonna,Like A Prayer,1989,3.23,"pop, electronica",https://i.scdn.co/image/27428b28f68db617679aa5cb9822054293bb9b52
479,The Jesus And Mary Chain,Darklands,1987,3.23,"rock, punk",https://i.scdn.co/image/9b011245c4add8c1d6b535a2baccda74a920b1bc
480,Neil Young,Tonight's The Night,1975,3.23,"rock, folk",https://i.scdn.co/image/5933955ae881313d99038b8ab1374c5bd2a586df
481,Tori Amos,Little Earthquakes,1992,3.23,"pop, rock",https://i.scdn.co/image/74580fad405acb3d9e15ac3c0c520ea53ebd7703
482,The National,High Violet,2010,3.23,rock,https://i.scdn.co/image/ab67616d00001e024fb2bd6896a902c5432a6de5
483,Billie Holiday,Lady In Satin,1958,3.23,jazz,https://i.scdn.co/image/933d280f1a5283b896a00ee4d5055d1111269e46
484,Little Simz,GREY Area,2019,3.23,hip-hop,https://i.scdn.co/image/ab67616d00001e021c54fc953531d5da04232deb
485,Q-Tip,The Renaissance,2008,3.23,hip-hop,https://i.scdn.co/image/21d0b505f3834fcd09ebf956f55b650bb2c351e7
486,Public Enemy,Apocalypse 91… The Enemy Strikes Black,1991,3.23,hip-hop,https://i.scdn.co/image/15db6c35c48bab5a80e51bb8a18373b248845d2d
487,Peter Gabriel,Peter Gabriel,1977,3.23,rock,https://i.scdn.co/image/ab67616d00001e026b141e77892ab2ccb60cf3cf
488,The Rolling Stones,The Rolling Stones,1964,3.23,"rock, blues",https://i.scdn.co/image/ab67616d00001e02e5bd9c16543752620815ebdc
489,Scissor Sisters,Scissor Sisters,2004,3.23,"rock, electronica, pop",https://i.scdn.co/image/ab67616d00001e0201ce44a09e4b95fce0ea3a86
490,Iggy Pop,The Idiot,1977,3.22,"rock, punk",https://i.scdn.co/image/773cc232a9ba9796f6b4d95804c7449b351f2cfe
491,James Taylor,Sweet Baby James,1970,3.22,"rock, folk",https://i.scdn.co/image/2b02b4223457de6e49eced71745c20e47b0c0a29
492,The Byrds,Mr. Tambourine Man,1965,3.22,"rock, folk",https://i.scdn.co/image/993a7bc8869fa63e8fa2dad8a603cfdf75589a12
493,Love,Forever Changes,1967,3.22,"rock, pop",https://i.scdn.co/image/72c753398dc517ff137652a9d48d4ec9113491ee
494,Elastica,Elastica,1995,3.22,"rock, punk",https://i.scdn.co/image/48ec65df685895c4a06ab1c7212d8f46ba4b0ea4
495,ABBA,The Visitors,1981,3.22,pop,https://i.scdn.co/image/5c63b7583e1a98605617516a6b6f133319eb88a6
496,Manu Chao,Clandestino,1998,3.22,"world, latin",https://i.scdn.co/image/d94d7574dc978fb44ea6783294ab064033aeed63
497,John Prine,John Prine,1971,3.22,"country, folk",https://i.scdn.co/image/3541cc5fbbad6d5034ba73cccd53f75359fddce6
498,Bobby Womack,The Poet,1981,3.22,"soul, funk",https://i.scdn.co/image/ab67616d00001e029726c079c32fa4b5431665b6
499,Kings of Leon,Only By The Night,2008,3.22,rock,https://i.scdn.co/image/ab67616d00001e022519d01c0cca06f134eeadd8
500,White Denim,D,2011,3.22,rock,https://i.scdn.co/image/ab67616d00001e02594b56a4aa99a58f2262becc
501,Faces,A Nod Is As Good As A Wink To A Blind Horse,1971,3.21,"rock, blues",https://i.scdn.co/image/6ec2f01c5460588012e84263a2cbba0ad783e49e
502,Yes,Close To The Edge,1972,3.21,rock,https://i.scdn.co/image/ab67616d00001e0203e402534d80a4aee949a950
503,The Waterboys,Fisherman's Blues,1988,3.21,"rock, folk",https://i.scdn.co/image/016f5d649148d69074ff755b2ea17d51cb3abd22
504,Marvin Gaye,"Here, My Dear",1978,3.21,"soul, funk",https://i.scdn.co/image/ab67616d00001e02bbf87ce7c06f31b725ee8f22
505,Faith No More,The Real Thing,1989,3.21,"metal, rock",https://i.scdn.co/image/d8f6edddf95adf35e1a9b4da97d117e65e3de0b2
506,Living Colour,Vivid,1988,3.21,"metal, rock",https://i.scdn.co/image/4111af7d47717a75a50b53c90a8b1ad997f69101
507,Aphex Twin,Selected Ambient Works 85-92,1992,3.21,electronica,https://i.scdn.co/image/ab67616d00001e0238906032688bb13b135ce19a
508,Röyksopp,Melody A.M.,2001,3.21,electronica,https://i.scdn.co/image/ab67616d00001e021e5655cd8db911dc48ea57df
509,My Bloody Valentine,Loveless,1991,3.2,rock,https://i.scdn.co/image/ea708240bb0d63f19668674bddaf01be234eb477
510,Wire,Pink Flag,1977,3.2,punk,https://i.scdn.co/image/3f054b00e63ca9093636beebfba25f34a6885f40
511,Chicago,Chicago Transit Authority,1969,3.2,rock,https://i.scdn.co/image/14b53b7cff8f8787232dc7004b3c4bce8d8bff19
512,Leonard Cohen,Songs Of Love And Hate,1971,3.2,folk,https://i.scdn.co/image/01f605f69093af3f8bd00030338f109c38a43124
513,Alice Cooper,School's Out,1972,3.2,rock,https://i.scdn.co/image/73cbbe9220a9ac5235d7fc5280c0c866b4bd64b2
514,Bob Dylan,Time Out Of Mind,1997,3.2,"rock, folk",https://i.scdn.co/image/45317e0144e3918561108a69a7b076ef99c94479
515,Fiona Apple,Fetch The Bolt Cutters,2020,3.2,"pop, rock",https://i.scdn.co/image/ab67616d00001e02841292c1316c4bf85447bcd9
516,Björk,Vespertine,2001,3.19,"pop, electronica",https://i.scdn.co/image/8f1de6f3a48227cbfda71e049ddea2bbe8fe5aec
517,Genesis,Selling England By The Pound,1973,3.19,rock,https://i.scdn.co/image/adabc63e2d4b701a5b6c8880218f303972b17126
518,Nick Cave & The Bad Seeds,The Boatman's Call,1997,3.19,rock,https://i.scdn.co/image/7c791f9b6700bb369df96605d1a40acc15734ad2
519,Belle & Sebastian,If You're Feeling Sinister,1996,3.19,"rock, pop",https://i.scdn.co/image/4f930aa36e6e1d4763fc7a50174b21306986c0ea
520,Def Leppard,Hysteria,1987,3.19,rock,https://i.scdn.co/image/ab67616d00001e0243511b8c20112757edddc7ba
521,Kate Bush,The Sensual World,1989,3.19,"pop, rock",https://i.scdn.co/image/67796fe3d7fd4f61abdd30389bab84e82b4de18c
522,Peter Frampton,Frampton Comes Alive,1976,3.19,rock,https://i.scdn.co/image/66362f142df0ba5780e4141b403e990b64477ba7
523,Django Django,Django Django,2012,3.19,rock,https://i.scdn.co/image/ab67616d00001e02dcd678d0ffcaf5fc2cf02e2f
524,JAY Z,The Blueprint,2001,3.18,hip-hop,https://i.scdn.co/image/ab67616d00001e021b3f6f34954118500ed3e7a7
525,Buffalo Springfield,Buffalo Springfield Again,1967,3.18,"rock, country, folk",https://i.scdn.co/image/534574dbac03f148a56a33b7ac036b216b913599
526,Pet Shop Boys,Actually,1987,3.18,"pop, electronica",https://i.scdn.co/image/ab67616d00001e02462f0658a21d6baeea08c3c0
527,Jane's Addiction,Ritual De Lo Habitual,1990,3.18,"metal, rock",https://i.scdn.co/image/5c5f36ce25411c985cfa734a6d0e4493eb7af527
528,Tom Waits,Rain Dogs,1985,3.18,"folk, rock",https://i.scdn.co/image/b95785f0e8b2daa799e0bce6155ffe0fde53979f
529,Gene Clark,No Other,1974,3.18,"country, pop, folk, rock",https://i.scdn.co/image/14474187d6a9a8944361fdceefadb988a29c5681
530,Burning Spear,Marcus Garvey,1975,3.18,reggae,https://i.scdn.co/image/ab67616d00001e0200b80c40d25750a320d21263
531,The Mars Volta,Deloused in the Comatorium,2003,3.18,rock,https://i.scdn.co/image/ab67616d00001e02f32a4535c09f7cae822bd695
532,Miriam Makeba,Miriam Makeba,1960,3.18,world,https://i.scdn.co/image/ab67616d00001e027f396e9ad1ff2fe44d4c7a96
533,LCD Soundsystem,american dream,2017,3.17,"rock, electronica",https://i.scdn.co/image/ab67616d00001e02945696d01c650eeade335ac9
534,New Order,Technique,1989,3.17,"electronica, rock",https://i.scdn.co/image/ab67616d00001e025ac2c6a71a5882025e438424
535,Traffic,John Barleycorn Must Die,1970,3.17,"rock, folk",https://i.scdn.co/image/ab67616d00001e0211aeda9d00fe58f8a08c5525
536,The The,Soul Mining,1983,3.17,"rock, punk",https://i.scdn.co/image/36c56bed4c81ec4852de7ece042f268d307bb377
537,John Martyn,Solid Air,1973,3.17,"rock, folk, pop",https://i.scdn.co/image/f8f275d92935ceaa1d1f248ad1baf9ef969eeb23
538,Billy Bragg,Mermaid Avenue,1998,3.17,"rock, folk",https://i.scdn.co/image/ab67616d00001e02bee802eae45543f3010c2ca9
539,John Lee Hooker,The Healer,1989,3.17,blues,https://i.scdn.co/image/ab67616d00001e02583042af76418e041e45b10c
540,Screaming Trees,Dust,1996,3.17,rock,https://i.scdn.co/image/ab67616d00001e02cbe9f55e546e49a23df0d9be
541,Gang Starr,Step In The Arena,1991,3.17,hip-hop,https://i.scdn.co/image/ea337bebe52a800286bfaaab0f9902f1e4bbeb43
542,Primal Scream,Screamadelica,1991,3.16,"rock, electronica",https://i.scdn.co/image/44a04c158a0ccaa4da7798d9b6f7492c6ef2f03c
543,Le Tigre,Le Tigre,1999,3.16,"rock, punk, electronica",https://i.scdn.co/image/abc7a04f3380ee9c0074663ebc6f9753bf9611ec
544,Elvis Presley,Elvis Is Back,1960,3.16,rock,https://i.scdn.co/image/903fc26fa6fff6c6c957de07fc562bbdec0d026c
545,Gary Numan,The Pleasure Principle,1979,3.16,"pop, rock, electronica",https://i.scdn.co/image/ab67616d00001e0218dd9efbcff047c869f2082d
546,The Sonics,Here Are the Sonics,1965,3.16,rock,https://i.scdn.co/image/d139bfd5bd0a89e6071b81c27b7a8abc994f7181
547,Jane's Addiction,Nothing's Shocking,1988,3.16,rock,https://i.scdn.co/image/158b643557a379384a16279838b40ec1bd666efd
548,George Michael,Listen Without Prejudice Vol. 1,1990,3.16,"pop, rock, electronica",https://i.scdn.co/image/8ac7658395b53371bdcac8f5fd7cdc018ac52d16
549,The Damned,Machine Gun Etiquette,1979,3.16,punk,https://i.scdn.co/image/37694446bd6a95f58dbb1814ed193a56eef6ba3b
550,CHVRCHES,The Bones Of What You Believe,2013,3.16,"electronica, pop",https://i.scdn.co/image/ab67616d00001e02ff7e0dbc7da86345516bb0a9
551,"Blood, Sweat & Tears","Blood, Sweat & Tears",1968,3.16,"rock, jazz",https://i.scdn.co/image/ab67616d00001e021bd04917ad890de8ec16ab44
552,Stephen Stills,Stephen Stills,1970,3.16,"rock, folk",https://i.scdn.co/image/ab67616d00001e0238057117b78f396b5dacb69e
553,The Chemical Brothers,Exit Planet Dust,1995,3.15,electronica,https://i.scdn.co/image/f0d28c22d4c5448560e2ca0c22b2fe4a5fe4e908
554,Spiritualized,Ladies And Gentlemen We Are Floating In Space,1997,3.15,rock,https://i.scdn.co/image/ab67616d00001e021033614e6aaf044ca63ce7c8
555,Kraftwerk,Trans Europe Express,1977,3.15,electronica,https://i.scdn.co/image/8c7dd60a81f387d0e3a3d80f2d64b23a2908d8dc
556,PJ Harvey,Let England Shake,2011,3.15,rock,https://i.scdn.co/image/ab67616d00001e020682f13c108d0aa9fb3a7e7a
557,TV On The Radio,Dear Science,2008,3.15,rock,https://i.scdn.co/image/a1148c5816a88d1a211e92299248429a6f4cc6ec
558,John Mayall & The Bluesbreakers,Bluesbreakers,1966,3.15,"blues, rock",https://i.scdn.co/image/70f2f462189caadcc23c0bf0e5c560f32db84c7c
559,The Stranglers,Rattus Norvegicus,1977,3.15,"rock, punk",https://i.scdn.co/image/6f5481efcca5ecc284eeddbdd73a1baafd6291db
560,Leonard Cohen,Songs From A Room,1969,3.15,"folk, rock",https://i.scdn.co/image/911600c39d2536a7e895557a42526c8fccbe32ca
561,Jeff Beck,Truth,1968,3.15,"metal, blues, rock",https://i.scdn.co/image/ab67616d00001e02c0ec5cd789b39bff0b1d12ba
562,Neil Young & Crazy Horse,Ragged Glory,1990,3.15,rock,https://i.scdn.co/image/069d9d3f22dfc8d9de9d899fa04c3ab296fd1fd5
563,Manic Street Preachers,The Holy Bible,1994,3.15,rock,https://i.scdn.co/image/d6369fb5c77baf671e8dcecc19ab83379dd63ffb
564,Doves,Lost Souls,2000,3.15,rock,https://i.scdn.co/image/ab67616d00001e0224e4cdbac45145ce83b219fb
565,Cypress Hill,Cypress Hill,1991,3.14,hip-hop,https://i.scdn.co/image/ab67616d00001e0217a47aeb3cf86d4b85825345
566,Arrested Development,"3 Years, 5 Months And 2 Days In The Life Of...",1992,3.14,hip-hop,https://i.scdn.co/image/238d44bfe8a4bc7a8ae1d4364b240a21845426a5
567,Pulp,This Is Hardcore,1998,3.14,rock,https://i.scdn.co/image/ab67616d00001e029613b173f5abab5c2b138c7e
568,Missy Elliott,Under Construction,2002,3.14,hip-hop,https://i.scdn.co/image/55363e126f060206b591b8bb7653a19465950b78
569,Milton Nascimento,Clube Da Esquina,1972,3.14,"rock, world, jazz, latin",https://i.scdn.co/image/7539e882e3ab22b9aedba27b9cf05fdd3f309e26
570,Fugazi,Repeater,1990,3.14,"rock, punk",https://i.scdn.co/image/0bce61b3de3ec11ce1e6844c113217cc097b906f
571,Devo,Q: Are We Not Men? A: We Are Devo,1978,3.14,"rock, punk",https://i.scdn.co/image/ab67616d00001e02934f2515d6a4079ec4de04d2
572,Fairport Convention,Unhalfbricking,1969,3.14,"folk, rock",https://i.scdn.co/image/c40cdc1793491687b29c1cdab605304762cb4937
573,Waylon Jennings,Honky Tonk Heroes,1973,3.14,country,https://i.scdn.co/image/5f69d0ccbaee4f0e4c5aff030db1008b14ea3957
574,Joni Mitchell,Hejira,1976,3.14,"folk, jazz",https://i.scdn.co/image/ab67616d00001e02ae9a4639635a9b7abeb30c71
575,The Zutons,Who Killed...... The Zutons?,2004,3.14,rock,https://i.scdn.co/image/ab67616d00001e021f1d0bcb3bad2b094b3a1108
576,Lupe Fiasco,Lupe Fiasco's Food & Liquor,2006,3.14,hip-hop,https://i.scdn.co/image/ab67616d00001e02a81ec0503c55850ad4687940
577,Blur,Modern Life Is Rubbish,1993,3.13,rock,https://i.scdn.co/image/6c11873c57173ec992aca45083c60ae1e5c5f685
578,The La's,The La's,1990,3.13,"pop, rock",https://i.scdn.co/image/13d3196b543a44f58c527819013516caae901bb6
579,The Byrds,Younger Than Yesterday,1967,3.13,"rock, country, folk",https://i.scdn.co/image/8f35022acbc6144bc48a548e01e82b450863b0d0
580,Portishead,Third,2008,3.13,"electronica, rock",https://i.scdn.co/image/9a54b448a98eacbf1470323f0b11ff7061e655d2
581,The Pharcyde,Bizarre Ride II The Pharcyde,1992,3.13,hip-hop,https://i.scdn.co/image/e3382a2dfa780e761a6cc273fe4d3e909cee6dc2
582,Carpenters,Close To You,1970,3.13,"rock, pop",https://i.scdn.co/image/00c05d7b1aed54787d729a3435ea018ec8024502
583,Bob Dylan,Live 1966 (The Royal Albert Hall Concert),1998,3.13,"rock, folk",https://i.scdn.co/image/7a48097be484074e522501642c6c7f302e47e102
584,The Hives,Your New Favourite Band,2001,3.13,"rock, punk",https://i.scdn.co/image/ab67616d00001e02d269ada98a99794db9b8c400
585,Minutemen,Double Nickels On The Dime,1984,3.13,"rock, punk",https://i.scdn.co/image/c818a295b61d042a9aeed08a2ef144bcf5755590
586,Def Leppard,Pyromania,1983,3.13,"metal, rock",https://i.scdn.co/image/ab67616d00001e02e45161990e83649071399525
587,Emmylou Harris,Pieces Of The Sky,1975,3.13,"country, folk",https://i.scdn.co/image/59d57eaa16e12f469607c6fa652c278d3f77f667
588,The Dandy Warhols,...The Dandy Warhols Come Down,1997,3.13,rock,https://i.scdn.co/image/ab67616d00001e025980712e25b4e4e9c002de6e
589,Ali Farka Touré,Talking Timbuktu,1994,3.13,world,https://i.scdn.co/image/ab67616d00001e024209569110ce50ca88e1dc46
590,The Lemonheads,It's A Shame About Ray,1992,3.12,rock,https://i.scdn.co/image/ab67616d00001e0292b65c451cdaa683e214ebb1
591,Thundercat,Drunk,2017,3.12,"hip-hop, soul, jazz, funk",https://i.scdn.co/image/ab67616d00001e0285c5e6c686ced3e43bae2748
592,a-ha,Hunting High And Low,1985,3.12,"pop, electronica",https://i.scdn.co/image/07b5abbe48330b094d13aeee3485255fe5bc8fca
593,Dexys Midnight Runners,Too Rye Ay,1982,3.12,"rock, pop",https://i.scdn.co/image/364702d5490a7c494b4bc4d3324120020e69345f
594,New York Dolls,New York Dolls,1973,3.12,"rock, punk",https://i.scdn.co/image/ab67616d00001e02802255bd535533c0e2ba5ad2
595,PJ Harvey,Rid Of Me,1993,3.12,rock,https://i.scdn.co/image/e95f4de6ab88f9454a9f9947186427e832ff343b
596,Sonic Youth,Dirty,1992,3.12,rock,https://i.scdn.co/image/8fab60374011a9b0e8c11e13d8fe76742b910d16
597,Run-D.M.C.,Run-D.M.C.,1984,3.12,hip-hop,https://i.scdn.co/image/ab67616d00001e02cb5fb938d28c96cf5b8dadc9
598,Cocteau Twins,Treasure,1984,3.12,rock,https://i.scdn.co/image/797ead565a5b60868b1770cd069a47b673778c9e
599,Frankie Goes To Hollywood,Welcome To The Pleasuredome,1984,3.12,"rock, pop, electronica",https://i.scdn.co/image/cfeb9c925b91b5ea1d8d68b81d21508191b96ad3
600,The Darkness,Permission to Land,2003,3.12,rock,https://i.scdn.co/image/ab67616d00001e02cfc0369fca487d12600962ec
601,Aerosmith,Pump,1989,3.11,rock,https://i.scdn.co/image/127d36b9a88ee6e820f21ee0526fd72679fab6bf
602,Manic Street Preachers,Everything Must Go,1996,3.11,rock,https://i.scdn.co/image/9c6236cea357a98050dca85035efa7ed4a8db58a
603,Suede,Suede,1993,3.11,rock,https://i.scdn.co/image/15e8803b49169b9c2ac82049f0bad336e6f35b14
604,Badly Drawn Boy,The Hour Of Bewilderbeast,2000,3.11,"pop, rock, electronica, folk",https://i.scdn.co/image/82e4cf929d37743046301b4e5f79414be05ebfa0
605,Alice Cooper,Billion Dollar Babies,1973,3.11,rock,https://i.scdn.co/image/ab67616d00001e021ce85457d791f1a664132faf
606,John Grant,Queen Of Denmark,2010,3.11,"pop, folk",https://i.scdn.co/image/328f636f643dc6225551fa24dae76314cfd3cfe7
607,Brian Eno,Another Green World,1975,3.11,"pop, rock, electronica",https://i.scdn.co/image/0b6846c41480382e9c367806c506c04345962419
608,Joni Mitchell,The Hissing Of Summer Lawns,1975,3.11,"folk, jazz",https://i.scdn.co/image/d5dd62673544525a4451f89b74582c09821dd8f5
609,Pink Floyd,The Piper At The Gates Of Dawn,1967,3.1,rock,https://i.scdn.co/image/78464d995485d97222eca3b057ba577496a47836
610,Mike Oldfield,Tubular Bells,1973,3.1,rock,https://i.scdn.co/image/ab67616d00001e02631093c9071b1211de4be4c1
611,Eric Clapton,461 Ocean Boulevard,1974,3.1,"rock, blues",https://i.scdn.co/image/55e029b08e2d02aa1a68840cdb2a483b0e5f1470
612,Leonard Cohen,I'm Your Man,1988,3.1,"folk, rock",https://i.scdn.co/image/2170a445300d5673547c9ec84e417d08c6186af2
613,Cheap Trick,At Budokan,1979,3.1,rock,https://i.scdn.co/image/8b00ada452b678eee2ebda2b402a7c9f55525b32
614,Roxy Music,Country Life,1974,3.1,"rock, pop",https://i.scdn.co/image/4420fc8aed9eb8b5c88b2a36812cdb5985c38874
615,Crowded House,Woodface,1991,3.1,rock,https://i.scdn.co/image/1e7a8b925429d1e7f1b5459f3dfceaa0741c6555
616,Aerosmith,Rocks,1976,3.1,rock,https://i.scdn.co/image/1649112d5860e94751ead1ba4b7f901c98db5bd9
617,The Chemical Brothers,Dig Your Own Hole,1997,3.1,electronica,https://i.scdn.co/image/aaf526239abff18115f23dc29cad6cf9fcd4f103
618,The Yardbirds,Roger the Engineer,1966,3.1,"rock, blues",https://i.scdn.co/image/ab67616d00001e02af3dcf0dbaeb18878ab061fe
619,Neu!,NEU! 75,1975,3.1,rock,https://i.scdn.co/image/2ab26f12a0d7c94bf86675beb28adad946b729a3
620,Roxy Music,Roxy Music,1972,3.1,"rock, pop",https://i.scdn.co/image/ab67616d00001e02e9b2422823fe249021f13da5
621,Dinosaur Jr.,You're Living All Over Me,1987,3.1,rock,https://i.scdn.co/image/4fd50453364222d9530a244022e3dccc72cab36e
622,Kraftwerk,Autobahn,1974,3.09,electronica,https://i.scdn.co/image/15b21c419e1c49bfe61f4fcdb8a8d641d693e130
623,Lou Reed,Berlin,1973,3.09,rock,https://i.scdn.co/image/ab67616d00001e0229ecf64a783a05d8d36bf1dc
624,Paul Weller,Wild Wood,1993,3.09,"pop, rock",https://i.scdn.co/image/f52e4c71b0f329198a24d155e18421e83b0831f9
625,The Crusaders,Street Life,1979,3.09,"funk, jazz",https://i.scdn.co/image/4a4d2c6cc47c4d1c67ee5aad6c3afd5029dddcb3
626,Talk Talk,The Colour Of Spring,1986,3.09,"rock, pop",https://i.scdn.co/image/ef430525c88d2e5486e08fc9741c61308314ba27
627,Brian Eno,Before And After Science,1977,3.09,"pop, rock, electronica",https://i.scdn.co/image/6a7be4b0e38341ae32eab61922cacb041c415a48
628,Fairport Convention,Liege And Lief,1969,3.09,"folk, rock",https://i.scdn.co/image/ab67616d00001e02891c6dbba25bdba18d545757
629,Youssou N'Dour,Immigrés,1984,3.09,world,https://i.scdn.co/image/7c7d4df9995443d2d171af25e6936f1a1fede279
630,MC Solaar,Qui sème le vent récolte le tempo,1991,3.09,hip-hop,https://i.scdn.co/image/ab67616d00001e0261c035a6272f99308dadbe87
631,Kings of Leon,Youth And Young Manhood,2003,3.09,rock,https://i.scdn.co/image/ab67616d00001e02b2df9dc89c5c0cfbe79c129d
632,Hot Chip,In Our Heads,2012,3.09,"electronica, rock",https://i.scdn.co/image/ab67616d00001e02474db174f8ac87fa788fb019
633,Nick Cave & The Bad Seeds,Henry's Dream,1992,3.09,rock,https://i.scdn.co/image/ab67616d00001e02047b1aacb8df9dcb76d0967f
634,Teenage Fanclub,Bandwagonesque,1991,3.08,rock,https://i.scdn.co/image/5acad4af4c27f74a8e614cb50312c03219fb82a2
635,Nick Cave & The Bad Seeds,Murder Ballads,1996,3.08,rock,https://i.scdn.co/image/9eb80bde744dab709ce19f0953c78654deb4d81f
636,Donovan,Sunshine Superman,1966,3.08,"rock, folk",https://i.scdn.co/image/ab67616d00001e0232ddd18dc88969d84dbff3ab
637,ABC,The Lexicon Of Love,1982,3.08,"rock, pop, electronica",https://i.scdn.co/image/0e6e2b4689ce443289ee6744cc5764c8839257a7
638,Jane Weaver,Modern Kosmology,2017,3.08,"rock, pop",https://i.scdn.co/image/ab67616d00001e0213d79f34bd5287f0605cdec4
639,TLC,Crazysexycool,1994,3.08,"hip-hop, pop",https://i.scdn.co/image/7a17b048e5294e905bd17977c842638e08a495eb
640,Incubus,Make Yourself,1999,3.08,"metal, rock",https://i.scdn.co/image/90938733ae6939896670bcca8bfd90ae6aeb3faa
641,Sleater-Kinney,Dig Me Out,1997,3.08,"rock, punk",https://i.scdn.co/image/0786b2d241dc45b7cac735007fdff8a8f096fbe0
642,Buzzcocks,Another Music In A Different Kitchen,1978,3.08,punk,https://i.scdn.co/image/39184be5102812023835cd9e8be2b3eb0c7b8408
643,Bebel Gilberto,Tanto Tempo,2000,3.08,"latin, jazz",https://i.scdn.co/image/ab67616d00001e02137dfa74b0c51b7dbea199d8
644,Peter Tosh,Legalize It,1976,3.08,reggae,https://i.scdn.co/image/431911244ec9aef3230dd15ee794a946ed90d2db
645,Motörhead,No Sleep 'Til Hammersmith (Live),1981,3.08,"metal, rock",https://i.scdn.co/image/ab67616d00001e0236b5a96a584ee56228448c4d
646,Goldfrapp,Seventh Tree,2008,3.08,"electronica, pop",https://i.scdn.co/image/ab67616d00001e02d38abdf6276c0f6d0c1bcb1e
647,Genesis,The Lamb Lies Down On Broadway,1974,3.08,rock,https://i.scdn.co/image/ab67616d00001e02661d60a4e45b807d27bf5f89
648,Cowboy Junkies,The Trinity Session,1988,3.08,"country, folk, rock",https://i.scdn.co/image/ab67616d00001e02e2bec3b040def2493f85b18e
649,Echo And The Bunnymen,Porcupine,1983,3.08,"rock, punk",https://i.scdn.co/image/ab67616d00001e02aa3c0529b9fc1fee2d0acc66
650,Elvis Costello & The Attractions,Armed Forces,1979,3.07,"rock, pop",https://i.scdn.co/image/340f290b960f286159976d1638c2f0a4f731393e
651,The Prodigy,Music For The Jilted Generation,1994,3.07,electronica,https://i.scdn.co/image/97996ff5ab50936a4494143173bd926c8ec94b36
652,Tom Waits,Heartattack And Vine,1980,3.07,"folk, rock",https://i.scdn.co/image/b73fea694846cf03966b29a3c49a47651a15cacd
653,Brian Eno,Ambient 1/Music For Airports,1978,3.07,"pop, electronica",https://i.scdn.co/image/42cda2065e164df3f923737f3f40b0a26c6b6bd5
654,Kacey Musgraves,Golden Hour,2018,3.07,"country, pop",https://i.scdn.co/image/ab67616d00001e022e35d25eb7288830d5540484
655,The Sugarcubes,Life's Too Good,1988,3.07,rock,https://i.scdn.co/image/07828f91a785b891c2d7633e57aaa1368a11c199
656,Sparks,Kimono My House,1974,3.07,"pop, rock",https://i.scdn.co/image/90bbda34115c2d2fd6254ffeec865232bbcf92ab
657,Brian Eno,Here Come The Warm Jets,1974,3.07,"pop, rock",https://i.scdn.co/image/527f37e4af623bdb958093218fb481b8cdfc6f6e
658,The Byrds,Fifth Dimension,1966,3.07,"rock, country, folk",https://i.scdn.co/image/8cbbe9f241d964fb06ce8c021b6e6e7229f8368a
659,Jean-Michel Jarre,Oxygène,1976,3.07,electronica,https://i.scdn.co/image/80d9e7df34db8d2c6d63239b4b42fa08b7c7ba4b
660,Dennis Wilson,Pacific Ocean Blue,1977,3.07,"rock, pop",https://i.scdn.co/image/76e4fad8748e815ba17d5dd9838f32a8f4ea06e7
661,X-Ray Spex,Germfree Adolescents,1978,3.07,"punk, rock",https://i.scdn.co/image/ab67616d00001e029020af2f4d04d70a3f8d627f
662,Magazine,Real Life,1978,3.07,punk,https://i.scdn.co/image/548a0abb8be8ffd52185dd6b717eae3af9d7c713
663,50 Cent,Get Rich Or Die Tryin',2003,3.07,hip-hop,https://i.scdn.co/image/ab67616d00001e02d843fabb75fef14010e30cae
664,Ladysmith Black Mambazo,Shaka Zulu,1987,3.07,world,https://i.scdn.co/image/b9a1b1577ac9997aaf3f36b5da415d7c85115b16
665,Traffic,Traffic,1968,3.07,rock,https://i.scdn.co/image/ab67616d00001e02b545a987c7dbb3040027d38a
666,The Youngbloods,Elephant Mountain,1969,3.06,"rock, country, folk",https://i.scdn.co/image/eaf39add4907fb072e980c4ff0bfc77ff5f15bb1
667,Sheryl Crow,Tuesday Night Music Club,1993,3.06,"pop, rock",https://i.scdn.co/image/c65dd18020246b90c8f4ac1c4115bc5468cff5be
668,Orchestral Manoeuvres In The Dark,Architecture And Morality,1981,3.06,"rock, pop, electronica",https://i.scdn.co/image/5f42f2fba98500f080630e469cb3ccee9a7ce5f7
669,Sisters Of Mercy,Floodland,1987,3.06,rock,https://i.scdn.co/image/df067138ba1d3b11c88a1b92ddbff494651116c6
670,The Soft Boys,Underwater Moonlight,1980,3.06,"rock, punk",https://i.scdn.co/image/48f613ad1d865f8a9aedd8056a2240c0e5617f7b
671,Richard Thompson,I Want To See The Bright Lights Tonight,1974,3.06,"folk, country, rock",https://i.scdn.co/image/feaa0e0ea13916adde4335a4c794c84e9dd77f64
672,Stephen Stills,Manassas,1972,3.06,"rock, country, folk",https://i.scdn.co/image/0df54136c1ef2a4efaca306f1ca5ae2f1eab523c
673,The Undertones,Hypnotised,1980,3.06,"punk, rock",https://i.scdn.co/image/d57ff418b3c16f383fed225c6e38bd3c76031adb
674,Deerhunter,Halcyon Digest,2010,3.05,rock,https://i.scdn.co/image/867f3a78d7f22a812f6189c6ef4fb3ed3f74f6ad
675,David Gray,White Ladder,1998,3.05,"pop, rock",https://i.scdn.co/image/e34b3625c1cf371be0612867c16d1ad6ed02467a
676,The Modern Lovers,The Modern Lovers,1976,3.05,"rock, punk",https://i.scdn.co/image/ab67616d00001e02b456b52a87902c83da4cc347
677,Tricky,Maxinquaye,1995,3.05,electronica,https://i.scdn.co/image/c438def43fe171e04e859b35e700f05b3f0b58fa
678,Bruce Springsteen,The Rising,2002,3.05,rock,https://i.scdn.co/image/6761c240d47e1b57440cfce382992b8c0a40413b
679,The Human League,Dare!,1981,3.05,"electronica, pop",https://i.scdn.co/image/308b02bdc6e929b91a15f3bbc56f193b8a465f31
680,David Crosby,If I Could Only Remember My Name,1971,3.05,"country, folk, rock",https://i.scdn.co/image/0f6afa907ed7cb853c9fe07f3fca068a1477e7d8
681,Beth Orton,Central Reservation,1999,3.05,"folk, pop",https://i.scdn.co/image/f43ec4e0694d85af745c615c5a2677f22b934f8d
682,Morrissey,Your Arsenal,1992,3.05,rock,https://i.scdn.co/image/52c776879fd97d0a22737196fcfeca33f8887142
683,SAULT,Untitled (Black Is),2020,3.05,"soul, funk",https://i.scdn.co/image/ab67616d00001e0204e86aa52cf087896593ecc4
684,The Saints,Eternally Yours,1978,3.05,"rock, punk",https://i.scdn.co/image/868825af1ebf6ca74ef0626e43dd2b33f2f20a08
685,Gillian Welch,Time (The Revelator),2001,3.05,country,https://i.scdn.co/image/ab67616d00001e02d4e5749f5a429c70537c4293
686,Klaxons,Myths Of The Near Future,2007,3.05,rock,https://i.scdn.co/image/ab67616d00001e02d511ade57070cf7064a24f59
687,Grizzly Bear,Veckatimest,2009,3.04,"pop, folk, rock",https://i.scdn.co/image/2ee6d8cc138161e2b69f1a800a15f46632b02e33
688,Echo And The Bunnymen,Crocodiles,1980,3.04,"rock, punk",https://i.scdn.co/image/553e2e481745b3bc3429b980833a88bd7f2a957f
689,Pet Shop Boys,Behaviour,1990,3.04,"pop, electronica",https://i.scdn.co/image/0e72ab3383ec90fbb50584697d559e117b222157
690,Siouxsie And The Banshees,The Scream,1978,3.04,"rock, punk",https://i.scdn.co/image/fb78edaf12a2eb77395bab998477fc1621d44272
691,The Byrds,The Notorious Byrd Brothers,1968,3.04,"rock, country, folk",https://i.scdn.co/image/ac121b1857c9649ce0430948ddac75805a7cad18
692,Liz Phair,Exile In Guyville,1993,3.04,"pop, rock",https://i.scdn.co/image/771aeabed96a4eb99cb7a56314b3abf81b2df8b9
693,Stereolab,Emperor Tomato Ketchup,1996,3.04,"rock, electronica",https://i.scdn.co/image/be0034e124adda30b8e47a3e5d792dc2d35e2b4a
694,Madness,The Rise & Fall,1982,3.04,"rock, reggae",https://i.scdn.co/image/28f371ea57a244daecc2a6c42a98ad0d34101a5d
695,Ghostface Killah,Fishscale,2006,3.04,hip-hop,https://i.scdn.co/image/55c578fdc34b4b5a9b3c05c955a074afba737c8e
696,Jungle Brothers,Done By The Forces Of Nature,1989,3.04,hip-hop,https://i.scdn.co/image/fff0f6b2a6f2c31cf5437fbb007d4831007057d4
697,Tom Tom Club,Tom Tom Club,1981,3.04,"funk, electronica",https://i.scdn.co/image/ab67616d00001e0240f5a8e88ef8bf4782eaa595
698,Brian Wilson,Smile,2004,3.03,"pop, rock",https://i.scdn.co/image/ab67616d00001e020556474f37fc7010f9499166
699,Doves,The Last Broadcast,2002,3.03,rock,https://i.scdn.co/image/8bf02da817b03715d57fc2bb130e6962ffa7b151
700,Mercury Rev,Deserter's Songs,1998,3.03,"rock, pop",https://i.scdn.co/image/98c8488df6dcc3ca9c606f036d4f0f70735c4d69
701,Richard Hawley,Coles Corner,2005,3.03,"pop, rock",https://i.scdn.co/image/0ffd8a11eacfdb4fa512c68a18251c35da01f9d7
702,Madonna,Ray Of Light,1998,3.03,"pop, electronica",https://i.scdn.co/image/f89849d36862a9dd2807be1d6d07eb0159c26673
703,Pavement,Slanted And Enchanted,1992,3.03,rock,https://i.scdn.co/image/4830695154fc69bf972069c453d834f6eaa6ae3a
704,The Young Rascals,Groovin',1967,3.03,"rock, pop, soul",https://i.scdn.co/image/ab67616d00001e021afbf5116eb2742ef80d1867
705,XTC,Skylarking,1986,3.03,"rock, pop",https://i.scdn.co/image/49655c10c814f39945cd70dfc0b5a8ceb74d6fd3
706,Lana Del Rey,Chemtrails Over The Country Club,2021,3.03,"pop, folk, rock",https://i.scdn.co/image/ab67616d00001e02ca929c6e766cb8591a286e0d
707,Todd Rundgren,Something/Anything?,1972,3.03,"rock, pop",https://i.scdn.co/image/99cd4f94fb2e31a82a01bb1cf16c79736b444c23
708,Ash,1977,1996,3.03,rock,https://i.scdn.co/image/ab67616d00001e0219e71d4dd7d826eb2bd4e544
709,Gotan Project,La Revancha Del Tango,2001,3.03,"electronica, jazz, world, latin",https://i.scdn.co/image/bc8617be21af1fd23dde4fb003648d820a480b4d
710,Elis Regina,Vento De Maio,1978,3.03,"jazz, latin",https://i.scdn.co/image/ab1ef8c11d211013fd748317386a4713b8ef0010
711,Ali Farka Touré,Savane,2006,3.03,"blues, world",https://i.scdn.co/image/28b72b6aabb50db1db5bebabf25a62f17bb7769d
712,The Psychedelic Furs,Talk Talk Talk,1981,3.03,rock,https://i.scdn.co/image/ab67616d00001e02514733d692bf5cfa906cbf87
713,"The Good, The Bad & The Queen","The Good, The Bad & The Queen",2007,3.03,rock,https://i.scdn.co/image/ab67616d00001e0284e08438aa34d31cac5f83d3
714,Spirit,Twelve Dreams Of Dr. Sardonicus,1970,3.03,rock,https://i.scdn.co/image/ab67616d00001e02be90a4cb675d1d176e913a94
715,Donald Fagen,The Nightfly,1982,3.02,"rock, jazz, pop",https://i.scdn.co/image/3b404c41aaee21236fe119a303bddefa30974bc1
716,Penguin Cafe Orchestra,Music From The Penguin Cafe,1976,3.02,pop,https://i.scdn.co/image/e8d54e8bd15885fccad2b51ab9a598bcb64a2d54
717,Suzanne Vega,Suzanne Vega,1985,3.02,"folk, pop",https://i.scdn.co/image/ab67616d00001e0227f61821bfc093f9f59acb48
718,Can,Future Days,1973,3.02,rock,https://i.scdn.co/image/8a7db54c8c73c894aa4c7526764c27c970a4d428
719,Paul Simon,Hearts And Bones,1983,3.02,"rock, folk",https://i.scdn.co/image/65bc727291d9ac9eec5db9b6b47e95a6b9969298
720,Ride,Nowhere,1990,3.02,rock,https://i.scdn.co/image/45f723ddc89116aabe9bcf5580af7d42d09cb36f
721,Janet Jackson,Rhythm Nation 1814,1989,3.02,"pop, jazz, soul",https://i.scdn.co/image/ab67616d00001e0236e9e2e6de0b594414fb80c9
722,Flamin' Groovies,Teenage Head,1971,3.02,"rock, punk",https://i.scdn.co/image/5fea23253c6738a137b87b4d668936fb4933da0f
723,Hookworms,Microshift,2018,3.02,"rock, electronica",https://i.scdn.co/image/ab67616d00001e02e8e2ff8ae19437f23cc7fe21
724,The Vines,Highly Evolved,2002,3.02,rock,https://i.scdn.co/image/ab67616d00001e027135d37ce920db353f813f32
725,Meat Puppets,Meat Puppets II,1984,3.02,rock,https://i.scdn.co/image/ab67616d00001e026fe1197aff029950ee2209ea
726,Abdullah Ibrahim,Water From An Ancient Well,1986,3.02,jazz,https://i.scdn.co/image/ab67616d00001e024edc41e41abac0fa4257781d
727,Bill Callahan,Sometimes I Wish We Were An Eagle,2009,3.02,country,https://i.scdn.co/image/ab67616d00001e02c6588eca47e1b2c424f6c045
728,Travis,The Man Who,1999,3.01,"pop, rock",https://i.scdn.co/image/f5adf2280f55ff35c9688d8c687d7c7a0a68fd24
729,Sonic Youth,Sister,1987,3.01,"rock, punk",https://i.scdn.co/image/f6ea84f5943e4c891a25354923b0fd77906fb7d7
730,Suede,Dog Man Star,1994,3.01,rock,https://i.scdn.co/image/cd65e838f5bb2fa2052f5e63fae8e3c3fbe1d592
731,Ryan Adams,Heartbreaker,2000,3.01,"country, folk, rock",https://i.scdn.co/image/43b3715cdd187a0911ab2e3770712f25e88066aa
732,Grant Lee Buffalo,Fuzzy,1993,3.01,rock,https://i.scdn.co/image/5c10f19588405bc98ae9461b0131d211ed24f62f
733,Captain Beefheart & His Magic Band,Safe As Milk,1967,3.01,"rock, blues",https://i.scdn.co/image/ab67616d00001e02a1b6277839cf22f21b69f267
734,The Libertines,The Libertines,2004,3.01,rock,https://i.scdn.co/image/ab67616d00001e0276182d05988c551ef0a5a7eb
735,Throwing Muses,Throwing Muses,1986,3.01,rock,https://i.scdn.co/image/ab67616d00001e02ad3e41cac8ba2744f7c65298
736,Solange,A Seat at the Table,2016,3,"pop, soul",https://i.scdn.co/image/ab67616d00001e021c4540d0ecafaa45305aa5a0
737,Dexys Midnight Runners,Searching For The Young Soul Rebels,1980,3,rock,https://i.scdn.co/image/1f68fe8555e66ac3601c0463e408be2411e7cc4c
738,Lucinda Williams,Car Wheels On A Gravel Road,1998,3,"country, folk",https://i.scdn.co/image/ab67616d00001e02a1601ac181badf6013e0c936
739,Frank Black,Teenager Of The Year,1994,3,rock,https://i.scdn.co/image/97e3ddca377e1e3130f5efb76f2442f7f8076550
740,Goldfrapp,Felt Mountain,2000,3,"electronica, pop",https://i.scdn.co/image/4e25aaca94965011715c2a574a54cf295c365916
741,Prefab Sprout,Steve McQueen,1985,3,"rock, pop",https://i.scdn.co/image/a4f1986f7ac9f6cac1167a2dfd4a68d2747a70b5
742,The Pretty Things,S.F. Sorrow,1968,3,rock,https://i.scdn.co/image/3cb3eb47372830995f0a1a850b9eb54ce7746724
743,X,Wild Gift,1981,3,"rock, punk",https://i.scdn.co/image/451d3a8d34bb784bae663ad4b56e882d03fefdfd
744,Bert Jansch,Bert Jansch,1965,3,"folk, blues",https://i.scdn.co/image/a033ba61720c8a48ecd58c16a74e30e2eb52db2b
745,The Coral,The Coral,2002,3,"pop, rock",https://i.scdn.co/image/8792aca98e16b63cc264aebef5c0822cb7b1fe4f
746,The Beta Band,Hot Shots II,2001,3,"rock, electronica",https://i.scdn.co/image/ab67616d00001e0272f22defb6d6ce5b619e7c4b
747,Kate Bush,The Dreaming,1982,2.99,"pop, rock",https://i.scdn.co/image/8e1f568dd1f400c9624af63a2e25d9e71d8857da
748,Taylor Swift,evermore,2020,2.99,"pop, rock, folk",https://i.scdn.co/image/ab67616d00001e0233b8541201f1ef38941024be
749,Tom Waits,Nighthawks At The Diner,1975,2.99,"folk, rock, blues",https://i.scdn.co/image/72bd4ec47815ac4f3948e836182c7786eafefe46
750,Elvis Costello & The Attractions,Imperial Bedroom,1982,2.99,"rock, pop",https://i.scdn.co/image/9fa428abf22d55cb0adb21ba2974fa10eef5abb3
751,Weather Report,Heavy Weather,1977,2.99,jazz,https://i.scdn.co/image/91d2dc664d67068ff275b6260724b45f6b17b65c
752,Killing Joke,Killing Joke,1980,2.99,"rock, punk",https://i.scdn.co/image/ab67616d00001e02b227a26f69316e7203d354ec
753,Terence Trent D'Arby,Introducing The Hardline According To Terence Trent D'Arby,1987,2.99,"rock, soul",https://i.scdn.co/image/ab67616d00001e023f39310fa42ccd3e371ffa84
754,Happy Mondays,Pills 'n' Thrills And Bellyaches,1990,2.99,"rock, electronica",https://i.scdn.co/image/4cadc0634181fcbc85e98e20a8c2c3ca69f04004
755,Sugar,Copper Blue,1992,2.99,rock,https://i.scdn.co/image/5d3e7c7fe298bc22060b0f9e6c746e0b85407a7f
756,Paul Revere & The Raiders,Midnight Ride,1966,2.99,rock,https://i.scdn.co/image/ab67616d00001e02c5f8931a80c7f510517a7f77
757,King Crimson,Larks' Tongues In Aspic,1973,2.99,rock,https://i.scdn.co/image/ab67616d00001e02a3580595cf9ef6ef46ba1566
758,The Cult,Electric,1987,2.99,rock,https://i.scdn.co/image/ab67616d00001e02ca8a324a5d0fce617bb2613d
759,Pantera,Vulgar Display Of Power,1992,2.98,metal,https://i.scdn.co/image/0ee7dd0ad4d5f60c647a0640f3861ea56db30626
760,Roxy Music,For Your Pleasure,1973,2.98,"rock, pop",https://i.scdn.co/image/aa6a0559d282a39fb3fb1cfee382c353f8120a21
761,Slint,Spiderland,1991,2.98,"rock, punk",https://i.scdn.co/image/47b4b8503c702dfc30d499a4c0378387b782e49e
762,Lenny Kravitz,Let Love Rule,1989,2.98,rock,https://i.scdn.co/image/fb7bce86167f45eb377d80828a38db11e385a9ff
763,Megadeth,Peace Sells...But Who's Buying,1986,2.98,metal,https://i.scdn.co/image/cd9254cc075f1f657068cf9508943d26b37efb11
764,The Gun Club,Fire Of Love,1981,2.98,"punk, rock",https://i.scdn.co/image/ab67616d00001e0223cecfeecc0d5b0157f2c579
765,Skunk Anansie,Post Orgasmic Chill,1999,2.98,"metal, rock",https://i.scdn.co/image/ab67616d00001e02fc7dc3553f8c182c5cc1e00a
766,Nitty Gritty Dirt Band,Will The Circle Be Unbroken,1972,2.98,"country, folk",https://i.scdn.co/image/ab67616d00001e02f82c21f871d868ae6302430c
767,Fatboy Slim,Better Living Through Chemistry,1996,2.98,electronica,https://i.scdn.co/image/3037e42b63ce76396698a3054cdf8d1e60efe2d5
768,The Bees,Sunshine Hit Me,2002,2.98,rock,https://i.scdn.co/image/ab67616d00001e02480e975694c2aa568b8388be
769,"Bonnie ""Prince"" Billy",I See A Darkness,1999,2.98,"folk, rock",https://i.scdn.co/image/ab67616d00001e022c61c23c9c89f9747c970940
770,The Who,The Who Sell Out,1967,2.97,rock,https://i.scdn.co/image/ab67616d00001e027b6ea1d5ad9739856148a3a7
771,U2,All That You Can't Leave Behind,2000,2.97,rock,https://i.scdn.co/image/0a680c32f39d7a9153cbcb816b9cfb579f1ab696
772,Simple Minds,New Gold Dream (81/82/83/84),1982,2.97,"rock, pop, electronica",https://i.scdn.co/image/6a29382a357061f13abf3274c96ded94f79c1654
773,Everything But The Girl,Walking Wounded,1996,2.97,"electronica, pop",https://i.scdn.co/image/b33def0a98434c968be34ce475c1a8d7a7ec2fda
774,Super Furry Animals,Rings Around The World,2001,2.97,rock,https://i.scdn.co/image/684eade0f76c1eb85886c4a2163454be12f25125
775,Joan Baez,Joan Baez,1960,2.97,folk,https://i.scdn.co/image/579420a9c1ba8f4fe4ce16630401735a7a229c37
776,Os Mutantes,Os Mutantes,1968,2.97,"rock, latin",https://i.scdn.co/image/94ad4a04d30e62c8cac67a5577e702ec89a6c2f9
777,Slayer,Reign In Blood,1986,2.97,metal,https://i.scdn.co/image/4f37781ec1f5f7670c5d8750851c785ecb204266
778,Haircut 100,Pelican West,1982,2.97,"rock, pop",https://i.scdn.co/image/e36d8f80ea191b128175149197e958af6394ed6a
779,Ice T,O.G. Original Gangster,1991,2.97,hip-hop,https://i.scdn.co/image/b4ecde540ec852092da7ee4a1b0ad10a2e9f6c7e
780,The xx,I See You,2017,2.97,"pop, electronica, rock",https://i.scdn.co/image/ab67616d00001e02fa132d6237850ac3f29e3af3
781,Morrissey,Vauxhall And I,1994,2.96,rock,https://i.scdn.co/image/3780fb960338faea7d8ae97bc8f54b27802dd359
782,Morrissey,Viva Hate,1988,2.96,rock,https://i.scdn.co/image/fe4178932c25c0ae3265d97abec1fdb06a9c2bb9
783,UB40,Signing Off,1980,2.96,reggae,https://i.scdn.co/image/ab67616d00001e02d32be116ce022ea732eb247f
784,The Jesus And Mary Chain,Psychocandy,1985,2.96,rock,https://i.scdn.co/image/b7dc1185a009f9d1a1d4e147872e62afe17d9a12
785,John Cale,Paris 1919,1973,2.96,"rock, pop",https://i.scdn.co/image/ef41fcababaa036fafdaa4685e07acd72d18b5a6
786,Loretta Lynn,Don't Come Home A Drinkin' (With Lovin' On Your Mind),1967,2.96,"country, folk",https://i.scdn.co/image/6cd72aa7bde6d9e5ac7b426c83b4b064e1113cb6
787,The Everly Brothers,A Date With The Everly Brothers,1960,2.96,"pop, rock",https://i.scdn.co/image/8844370861386c17559250469d82b8221170d181
788,Billy Bragg,Talking With the Taxman About Poetry,1986,2.96,"rock, folk, punk",https://i.scdn.co/image/91d3ec107a3a87f11d01b7fd1dd0a966f53ada85
789,D'Angelo,Brown Sugar,1995,2.96,soul,https://i.scdn.co/image/dca4c614c96ff8d76414e2b9ea0cf515728289d8
790,Randy Newman,Sail Away,1972,2.96,"rock, pop",https://i.scdn.co/image/14bf44a625fc896a21413fb0c49062e25831c0f9
791,Fever Ray,Fever Ray,2009,2.96,"pop, electronica",https://i.scdn.co/image/4272628604313e388382443f2bcea8b1719b01a9
792,k.d. lang,Ingenue,1992,2.96,"country, pop, folk, rock",https://i.scdn.co/image/a3e5a8225c384a98ce1085dfdc0115cf8698d8f7
793,Fishbone,Truth And Soul,1988,2.96,"metal, funk, reggae",https://i.scdn.co/image/45c31419e23f55cdaa78c55ccfa87d4bbcb65dff
794,Nanci Griffith,The Last Of The True Believers,1986,2.96,country,https://i.scdn.co/image/ab67616d00001e02620b8b4e40e1f9f8d6895a6f
795,Saint Etienne,Foxbase Alpha,1991,2.95,"pop, electronica",https://i.scdn.co/image/8c15db6dbb2fb21e63bfef161e10c7ad457fd881
796,The Go-Betweens,16 Lovers Lane,1988,2.95,rock,https://i.scdn.co/image/da8e28b01b4f5822cb3acd4ad50e961737488823
797,The Specials,More Specials,1980,2.95,reggae,https://i.scdn.co/image/ab67616d00001e02e7c6fb2a9e77a505424b384c
798,Stereo MC's,Connected,1992,2.95,"electronica, hip-hop",https://i.scdn.co/image/3810efd2494037f419a6aa7321d087acc84d3839
799,Common,Like Water For Chocolate,2000,2.95,"hip-hop, soul",https://i.scdn.co/image/e4b3d7426eecea228f238b4d197c38d0c28e81f8
800,Anita Baker,Rapture,1986,2.95,"soul, jazz",https://i.scdn.co/image/7c2c8344ab1ef8b1d9b20f5b54e1aa926132eb30
801,Nick Cave & The Bad Seeds,Ghosteen,2019,2.95,rock,https://i.scdn.co/image/ab67616d00001e02a243b4b2d58fd2f31d8f1f4a
802,The Adverts,Crossing the Red Sea With the Adverts,1978,2.95,"rock, punk",https://i.scdn.co/image/ab67616d00001e021527172f4c56de2db499b825
803,Tom Waits,Swordfishtrombones,1983,2.94,"folk, rock",https://i.scdn.co/image/192176fb1fff4ea4b6817362c90a67e2a5be99c9
804,10cc,Sheet Music,1974,2.94,"rock, pop",https://i.scdn.co/image/1622d7d0dd75437a8da956dcf7da10ecd8dfc7fa
805,Pet Shop Boys,Very,1993,2.94,"pop, electronica",https://i.scdn.co/image/1d17231c24e4ce7d4e766d9354da055f65991805
806,Dinosaur Jr.,Bug,1988,2.94,rock,https://i.scdn.co/image/caf830cc5219ebb7337c205e729f2631af6e3af4
807,Minor Threat,Out of Step,1983,2.94,punk,https://i.scdn.co/image/b06351f8ff55aa29a43e05a0ffd2861b5f75428f
808,Rod Stewart,Gasoline Alley,1970,2.94,"rock, blues",https://i.scdn.co/image/596c078d2435b6ddbdab5092d7bf4b5e63bd308c
809,Mudhoney,Superfuzz Bigmuff,1988,2.94,"rock, punk",https://i.scdn.co/image/7835ba9da29330099c921a8f34accdc053221855
810,The Charlatans,Tellin’ Stories,1997,2.94,rock,https://i.scdn.co/image/dd15b2ffc61adbf3e1d4ef75e63fbf4af9854d5d
811,The 13th Floor Elevators,The Psychedelic Sounds of the 13th Floor Elevators,1966,2.94,rock,https://i.scdn.co/image/bd3e4c971020fa379a2a967d17edff30b8d3c8f3
812,Laura Nyro,Eli And The Thirteenth Confession,1968,2.94,pop,https://i.scdn.co/image/c316ed2e12c8954ae9f7218ae71d05b15b4dcd68
813,Method Man,Tical,1994,2.94,hip-hop,https://i.scdn.co/image/590b619bfd912ae982a443560cb29348d05c5da6
814,Moby Grape,Moby Grape,1967,2.94,"rock, country",https://i.scdn.co/image/ab67616d00001e02dd68bd72d05daa2b1f258961
815,Kings of Leon,Aha Shake Heartbreak,2004,2.94,rock,https://i.scdn.co/image/ab67616d00001e028df6e3203adc247218810906
816,The Monks,Black Monk Time,1966,2.94,rock,https://i.scdn.co/image/b14b4985e0c107fc8fec05f74e74690cad04f820
817,Super Furry Animals,Fuzzy Logic,1996,2.93,rock,https://i.scdn.co/image/8ff17aca50147da42871852c3616c0cbc18676ad
818,Spiritualized,Lazer Guided Melodies,1992,2.93,rock,https://i.scdn.co/image/ac8a7e86ff594d35cf82e6842d27b3d2b368c564
819,Bad Brains,I Against I,1986,2.93,"rock, punk",https://i.scdn.co/image/5da170498d4ce59ca742270a90db1f9c8bb6fa9b
820,The The,Infected,1986,2.93,rock,https://i.scdn.co/image/ab67616d00001e02f3e4480acaf523493f1150f6
821,SZA,Ctrl,2017,2.93,"hip-hop, soul",https://i.scdn.co/image/ab67616d00001e024c79d5ec52a6d0302f3add25
822,Fred Neil,Fred Neil,1966,2.93,folk,https://i.scdn.co/image/ab67616d00001e02e947f4b2de84a522265b52e6
823,TV On The Radio,"Desperate Youth, Blood Thirsty Babes",2004,2.93,rock,https://i.scdn.co/image/ab67616d00001e02b04c039e74c446e17740e23e
824,Animal Collective,Merriweather Post Pavilion,2009,2.92,"rock, pop, electronica",https://i.scdn.co/image/89bb8d11ac73d09fed36a90bcd7d6e95d393c4b7
825,Boards of Canada,Music Has The Right To Children,1998,2.92,electronica,https://i.scdn.co/image/e7663bc54fbb8334e097184c80eb033229c88106
826,Iron Butterfly,In-A-Gadda-Da-Vida,1968,2.92,rock,https://i.scdn.co/image/8e9ec7d6132c97972fff032cab601e6bc5743f7f
827,Small Faces,Ogden's Nut Gone Flake,1968,2.92,rock,https://i.scdn.co/image/1c265bd4828ceacd8831b4b513ce7a4a16229e74
828,The Verve,A Northern Soul,1995,2.92,rock,https://i.scdn.co/image/2209459992d645cf9f29bca59239e69574282bfe
829,Astrud Gilberto,Beach Samba,1967,2.92,"jazz, latin",https://i.scdn.co/image/5fef84539ecbb857a04c0da778075d520659fced
830,MC5,Kick Out The Jams (Live),1969,2.92,rock,https://i.scdn.co/image/39506a8b3b53bf52ac04f1bba12466d68228adae
831,Mott The Hoople,Mott,1973,2.92,rock,https://i.scdn.co/image/ab67616d00001e0272999a33939f6a1e2dcf96bb
832,Fun Lovin' Criminals,Come Find Yourself,1996,2.92,hip-hop,https://i.scdn.co/image/ec095f801d14cd60ccefe3850e2733d1400b5adf
833,Missy Elliott,Supa Dupa Fly,1997,2.91,hip-hop,https://i.scdn.co/image/4672587446756df1d5cfcb2858d55405fa27b941
834,Cornershop,When I Was Born For The 7th Time,1997,2.91,"pop, rock",https://i.scdn.co/image/8ee9e8c454a1571ed7e43853a0a87c6a2829caf9
835,The Flying Burrito Brothers,The Gilded Palace Of Sin,1969,2.91,"rock, folk, country",https://i.scdn.co/image/ab67616d00001e0253ba02e4c3b1b6a297002afa
836,Ice Cube,AmeriKKKa's Most Wanted,1990,2.91,hip-hop,https://i.scdn.co/image/b1a70df5d1229cb1ac916f28f3b6a1a32fc9c469
837,Maxwell,Maxwell's Urban Hang Suite,1996,2.91,"pop, funk, soul",https://i.scdn.co/image/18cc4427e0313717bd14bbe2067d90e1afd6f7cf
838,Shivkumar Sharma,Call of the Valley,1967,2.91,world,https://i.scdn.co/image/ab67616d00001e02c65635528bc344bbd1890770
839,Elvis Costello & The Attractions,Blood And Chocolate,1986,2.9,"rock, pop",https://i.scdn.co/image/3403b07deaaa728e57be08e7c092c73e78db7f43
840,Sonic Youth,E.V.O.L.,1986,2.9,"rock, punk",https://i.scdn.co/image/541192aa9d92279eddb591a1911e92e2a75b581b
841,M.I.A.,Kala,2007,2.9,"hip-hop, electronica",https://i.scdn.co/image/ee693e41d6e261fca5f80d4e059afe0498a54f26
842,Orange Juice,Rip It Up,1982,2.9,"rock, punk",https://i.scdn.co/image/8798da6bd502a46c7157b51ef027d076e316c794
843,Marianne Faithfull,Broken English,1979,2.9,"folk, rock",https://i.scdn.co/image/c8675b6193b1bef2e9a2322ed53a0ae581d79358
844,The Only Ones,The Only Ones,1978,2.9,"pop, punk, rock",https://i.scdn.co/image/ab67616d00001e02d85f6d980a5e17c123a47c82
845,Lloyd Cole And The Commotions,Rattlesnakes,1984,2.9,rock,https://i.scdn.co/image/3f5803b829251e06ff7cb91c571be161abf46b34
846,Nightmares On Wax,Smokers Delight,1995,2.9,"electronica, hip-hop",https://i.scdn.co/image/ab67616d00001e024b66f98a6856cd1bcf8702be
847,Death In Vegas,The Contino Sessions,1999,2.9,"electronica, rock",https://i.scdn.co/image/690d2c84934d8fd96263a7d5dcd2d7acc3c37cf6
848,Jeru The Damaja,The Sun Rises In The East,1994,2.9,hip-hop,https://i.scdn.co/image/7437d60a445c388d0fc80b288b2e66b3c4ac7875
849,The Beta Band,Heroes to Zeros,2004,2.9,"rock, electronica",https://i.scdn.co/image/ab67616d00001e02a37087df7a939a85b0e3b957
850,The Velvet Underground,White Light / White Heat,1968,2.89,rock,https://i.scdn.co/image/ab67616d00001e027195c4f5f2f4a8236748baaf
851,Leftfield,Leftism,1995,2.89,electronica,https://i.scdn.co/image/ab67616d00001e02bd732535635abc590e07d68a
852,Dr. John,Gris Gris,1968,2.89,"blues, funk, jazz, rock",https://i.scdn.co/image/2c686a0c88c49b2435f3d31716c4768de90cb24b
853,The Afghan Whigs,Gentlemen,1993,2.89,rock,https://i.scdn.co/image/ab67616d00001e028c0baf58b80182ff3181ef20
854,Turbonegro,Apocalypse Dudes,1998,2.89,"punk, rock",https://i.scdn.co/image/dadfde02fbaad58333506932da8413b9f76675f9
855,The Fall,This Nation’s Saving Grace,1985,2.89,punk,https://i.scdn.co/image/754e338835d1d07d609b1ad7806ca3c1f92d182c
856,LL Cool J,Mama Said Knock You Out,1990,2.89,hip-hop,https://i.scdn.co/image/b345629fe28519c09f0de095790bac8e7149c026
857,Rufus Wainwright,Want One,2003,2.89,"pop, rock",https://i.scdn.co/image/ab67616d00001e0271f8f23deed2aa1b6cc328ba
858,Tortoise,Millions Now Living Will Never Die,1996,2.88,rock,https://i.scdn.co/image/cc7aabc327ad0d339e7250c49f94fe43a734ca29
859,fIREHOSE,Fromohio,1989,2.88,"rock, punk",https://i.scdn.co/image/2a0a84e5d1d0b09d9ff1717d8127ce8dafa02159
860,The Boo Radleys,Giant Steps,1993,2.88,rock,https://i.scdn.co/image/612e3324ef7726b370bb86acc9328d5c8be57304
861,The Disposable Heroes Of Hiphoprisy,Hypocrisy Is The Greatest Luxury,1992,2.88,hip-hop,https://i.scdn.co/image/9cdf8ba15c39ce24824a8d0adbecfdeb32105dac
862,Christina Aguilera,Stripped,2002,2.88,pop,https://i.scdn.co/image/ab67616d00001e027cd872c7701c4737b2f81d87
863,Soft Cell,Non-Stop Erotic Cabaret,1981,2.87,"rock, pop, electronica",https://i.scdn.co/image/89c9762ce5961a07c59f4c5e10fc3f1726c55aad
864,Steve Winwood,Arc Of A Diver,1980,2.87,"rock, pop",https://i.scdn.co/image/5a1e41571d18257859805578e3da4a714bb1b79a
865,The Style Council,Cafe Bleu,1984,2.87,pop,https://i.scdn.co/image/caaf27853f155797291693b09d4c96da9d8d6d77
866,Deee-Lite,World Clique,1990,2.87,electronica,https://i.scdn.co/image/59e41006abe39b961929d0fd7e26c53c518ca810
867,The Blue Nile,A Walk Across The Rooftops,1984,2.87,"rock, pop",https://i.scdn.co/image/249ec41897980c8cacedf5504a989549ba4881d7
868,Mylo,Destroy Rock & Roll,2004,2.87,electronica,https://i.scdn.co/image/4631d84483f7edd554dd02ab09aafd8bc3e75700
869,k.d. lang,Shadowland,1988,2.87,"country, pop",https://i.scdn.co/image/27d71f8e3e7c58593f84649272b9f0b896a6bf78
870,Merle Haggard,I’m a Lonesome Fugitive,1967,2.87,country,https://i.scdn.co/image/ab67616d00001e0209687dc27f94e0628d06e320
871,Hüsker Dü,Warehouse: Songs And Stories,1987,2.87,"rock, punk",https://i.scdn.co/image/ab67616d00001e0249e8e701be825d40d27ca57a
872,Queen Latifah,All Hail the Queen,1989,2.87,hip-hop,https://i.scdn.co/image/ab67616d00001e02b9a0c3aee7d46673293b69cd
873,Emmylou Harris,Red Dirt Girl,2000,2.87,"country, folk",https://i.scdn.co/image/ab67616d00001e02222d57398c11c1bc0cd6c5ee
874,Gram Parsons,Grievous Angel,1974,2.87,"rock, country",https://i.scdn.co/image/ab67616d00001e024c5fedbe6cf1a65f70d5c30e
875,Destiny's Child,Survivor,2001,2.87,pop,https://i.scdn.co/image/ab67616d00001e02163cdae7f1e2c82786a84e3e
876,Astor Piazzolla,The New Tango,1987,2.87,"world, jazz, latin",https://i.scdn.co/image/ab67616d00001e024e77b16152bdf157eba176bb
877,Ozomatli,Street Signs,2004,2.87,"world, funk, hip-hop, latin",https://i.scdn.co/image/ab67616d00001e02c86d7065399ba97edf76c915
878,Black Flag,Damaged,1981,2.86,"punk, rock",https://i.scdn.co/image/2e51f75e84a6c25816c3a785b38fd8d5d0f04718
879,Japan,Quiet Life,1979,2.86,"pop, electronica",https://i.scdn.co/image/2741fe6876751e2be6e94e91aededa8585e17994
880,Simply Red,Picture Book,1985,2.86,"soul, pop, rock",https://i.scdn.co/image/b6b8e753bd45b2370b5c8200d3ed9529b56cd41c
881,Anthrax,Among The Living,1987,2.86,metal,https://i.scdn.co/image/389d30543b55146c8dba42d07bcd9bb6d199c915
882,Beyoncé,BEYONCÉ,2013,2.86,"pop, soul",https://i.scdn.co/image/ab67616d00001e020d1d6e9325275f104f8e33f3
883,Underworld,Second Toughest In The Infants,1996,2.86,electronica,https://i.scdn.co/image/d470bc7e4b0c46351783f7901bc1e8ddb57166ea
884,Morrissey,You Are The Quarry,2004,2.86,rock,https://i.scdn.co/image/ab67616d00001e027f107e924ef7624f73c11127
885,Slade,Slayed?,1972,2.86,rock,https://i.scdn.co/image/ab67616d00001e02f47f31673c7ca41d9e67dbc1
886,N.E.R.D,Fly Or Die,2004,2.86,"hip-hop, rock",https://i.scdn.co/image/ab67616d00001e028d0fa8db33069b60b65ab9a6
887,Mudhoney,Every Good Boy Deserves Fudge,1991,2.85,"punk, rock",https://i.scdn.co/image/0f6f307b0ef5b5cca18119379c5df3d82c4e9a6c
888,Tom Waits,Bone Machine,1992,2.85,rock,https://i.scdn.co/image/f9ca7f930958c585bd051166eab5ee2eaf69ee06
889,The Monkees,Headquarters,1967,2.85,"pop, rock",https://i.scdn.co/image/8aaa5badec59505683f803f872ce25e411f52036
890,Bauhaus,Mask,1981,2.85,"rock, punk",https://i.scdn.co/image/760fe51abc539be22a07bd44781a24310fbd46dc
891,Todd Rundgren,"A Wizard, A True Star",1973,2.85,"rock, pop, soul, electronica",https://i.scdn.co/image/ec36f23e1b37dd5e59fa43fa7bd46efe2a94f7ed
892,The Teardrop Explodes,Kilimanjaro,1980,2.85,"rock, punk",https://i.scdn.co/image/290f7eb732b7af3bcde589a0bbd2942d33fef266
893,Randy Newman,Good Old Boys,1974,2.85,"rock, pop",https://i.scdn.co/image/110a6ad756c9217dfd983eca48e5912a5111704a
894,Caetano Veloso,Caetano Veloso,1968,2.85,"latin, rock",https://i.scdn.co/image/ab67616d00001e02f540be1995333fe66e7fa563
895,Gene Clark,White Light,1971,2.85,"country, pop, folk, rock",https://i.scdn.co/image/7bcb30416c3ae33d404c5fda311d1476b060f00f
896,Ravi Shankar,The Sounds Of India,1957,2.85,world,https://i.scdn.co/image/2e31414efd8fb2a11c34118199eaae4f62a67722
897,KISS,Destroyer,1976,2.84,"metal, rock",https://i.scdn.co/image/ab67616d00001e029309dd399ed75be936b8c1b6
898,Tim Buckley,Goodbye And Hello,1967,2.84,"folk, rock",https://i.scdn.co/image/f4d4c094f0470278ebe93ed9cb2b87262c90fc5a
899,Culture Club,Colour By Numbers,1983,2.84,pop,https://i.scdn.co/image/ea4ae9cf6ef46029ebd69253ea6a93b3ca763c76
900,The Dictators,Go Girl Crazy,1975,2.84,"punk, rock",https://i.scdn.co/image/190002ffbdefc6372093e62f78a1d40ffd362b33
901,The Cramps,Songs The Lord Taught Us,1980,2.84,"punk, rock",https://i.scdn.co/image/1e3f337a3b692af9af39014c5156805a0a037965
902,The Auteurs,New Wave,1993,2.84,"pop, rock",https://i.scdn.co/image/21af51aa9ee980ead9daa2a5eb21443b6c3f916d
903,Bonnie Raitt,Nick Of Time,1989,2.84,"rock, country, blues, folk, pop",https://i.scdn.co/image/4480b1305a17357267793702d31eb6ae734bfd79
904,Adam & The Ants,Kings Of The Wild Frontier,1980,2.84,"pop, punk, rock",https://i.scdn.co/image/7b0b0804847d9d5e62af68dfcfd98e4eda7e91d8
905,The Magnetic Fields,69 Love Songs,1999,2.84,"pop, rock, electronica",https://i.scdn.co/image/9f2c9cf129379934e867ed6f031a9f7735a6da8d
906,Aimee Mann,Whatever,1993,2.84,"pop, rock",https://i.scdn.co/image/ab67616d00001e02dc8f4ff8db40ffee93138488
907,Raekwon,Only Built 4 Cuban Linx,1995,2.84,hip-hop,https://i.scdn.co/image/9b5326fdf87543e3b51ea6ab937ffedd0401a41d
908,Country Joe & The Fish,Electric Music For The Mind And Body,1967,2.84,rock,https://i.scdn.co/image/ab67616d00001e028ba3b66bf1d5b216da9f2ace
909,Antony and the Johnsons,I Am a Bird Now,2005,2.84,"pop, rock",https://i.scdn.co/image/ab67616d00001e02a0591c5bfd1d391228e8423c
910,Suba,São Paulo Confessions,1999,2.84,electronica,https://i.scdn.co/image/ab67616d00001e02970817f5bb3c102b94381f58
911,The Byrds,Sweetheart Of The Rodeo,1968,2.83,"rock, country, folk",https://i.scdn.co/image/b8ba83cb294c5e3d29e3c595642122f45d5fb94e
912,Tim Buckley,Greetings From L.A.,1972,2.83,"pop, folk, rock",https://i.scdn.co/image/2cada15cc0a30d8eb2d8783b1f154bf3dfa09508
913,XTC,Apple Venus Volume 1,1999,2.83,"rock, pop",https://i.scdn.co/image/ab67616d00001e02b076085be6f84c043e4f8613
914,Soul II Soul,Club Classics Vol. One,1989,2.82,"soul, hip-hop, electronica",https://i.scdn.co/image/3fac5b9fde8b7fcff1d16cb341273c7d11e3c88b
915,Rufus Wainwright,Want Two,2004,2.82,"pop, rock",https://i.scdn.co/image/01fbd3de010a4aea5e18608fba30705e5d81844d
916,Drive-By Truckers,Southern Rock Opera,2001,2.82,"country, rock",https://i.scdn.co/image/f8a4a58cae826073f6215f1bc5b994dbedcb5698
917,Primal Scream,Vanishing Point,1997,2.82,"rock, electronica",https://i.scdn.co/image/e4ccb0f4d173503c2d8149578efc7cc2395f208d
918,Ryan Adams,Gold,2001,2.82,"country, rock",https://i.scdn.co/image/e71b85a0a809a2d1fc517b49fe76f1ae1b6790cc
919,Ananda Shankar,Ananda Shankar,1970,2.82,world,https://i.scdn.co/image/52c07bbaecd6f682b7172bff8c5bced3f7c24d8e
920,M.I.A.,Arular,2005,2.82,"hip-hop, electronica",https://i.scdn.co/image/ab67616d00001e02a1ecf305f6e96560933d7615
921,FKA twigs,LP1,2014,2.81,"pop, electronica",https://i.scdn.co/image/ab67616d00001e02284fb1537a8eee7bbf9be82d
922,Can,Tago Mago,1971,2.81,rock,https://i.scdn.co/image/ef9f317c834edb92d29f5622f86773f659b64119
923,John Martyn,One World,1977,2.81,"rock, folk, pop",https://i.scdn.co/image/b3f256728080f6f1165ffbd1e85867a6e1269aff
924,The Mothers Of Invention,Freak Out!,1966,2.81,rock,https://i.scdn.co/image/ab67616d00001e02cf39d86d090b43693667084a
925,Christine and the Queens,Chris,2018,2.81,"pop, electronica",https://i.scdn.co/image/ab67616d00001e025f9ac1827852012c11bf9eb7
926,Ray Price,Night Life,1963,2.81,country,https://i.scdn.co/image/ab67616d00001e0276cfaa3efa229171a9df860c
927,Grateful Dead,Live / Dead,1969,2.81,rock,https://i.scdn.co/image/ab67616d00001e020f80c66450eaeac8bcd7f2a3
928,Ms. Dynamite,A Little Deeper,2002,2.81,"hip-hop, electronica",https://i.scdn.co/image/ab67616d00001e02e06ab2393cffcc174c604244
929,Scott Walker,Scott 4,1969,2.8,"pop, rock, folk",https://i.scdn.co/image/4220056a9e54c97f20b18a780077b4828870357c
930,Brian Eno,My Life In The Bush Of Ghosts,1981,2.8,"pop, rock",https://i.scdn.co/image/78c096cc27fd3911fd77de633ad62ea70650a6a5
931,Devendra Banhart,Rejoicing In The Hands,2004,2.8,"folk, rock",https://i.scdn.co/image/6ed65644575b99a0c7fe2fbb7232a96a9b290f3e
932,Love,Da Capo,1966,2.8,"rock, pop",https://i.scdn.co/image/dc07fdf95a05b3a5fc2b16180b4217be3e345ff7
933,Blue Cheer,Vincebus Eruptum,1968,2.8,rock,https://i.scdn.co/image/6a8f44cccd0f12041a79162fd056c5de84019810
934,Big Star,Third/Sister Lovers,1978,2.8,"rock, pop, folk",https://i.scdn.co/image/83b09e42a43d41bd0fb4b62cc9b385654e543d49
935,Buck Owens,I’ve Got a Tiger By the Tail,1965,2.8,country,https://i.scdn.co/image/ab67616d00001e02a17011360eab70ab187fbead
936,Björk,Vulnicura,2015,2.8,"pop, electronica",https://i.scdn.co/image/ab67616d00001e021bd3911a9955527b302246c0
937,The Thrills,So Much For The City,2003,2.8,rock,https://i.scdn.co/image/ab67616d00001e02f0c0f33fc6527fda8f5e29d0
938,Joanna Newsom,Ys,2006,2.8,"folk, pop, rock",https://i.scdn.co/image/ab67706c0000bebb215661ac2b205f9afcd247ad
939,Elvis Costello,Brutal Youth,1994,2.79,"rock, pop",https://i.scdn.co/image/187e0c14d2781a5017e6750d4f37f35ea4dca05d
940,Quicksilver Messenger Service,Happy Trails,1969,2.79,rock,https://i.scdn.co/image/a258bf549c389819c7f1be84fedde2bda1e91e02
941,Tim Buckley,Happy Sad,1969,2.79,folk,https://i.scdn.co/image/c1b16d37acf1a5588ddbd81e491eec07a5d9aa65
942,Steve Earle,Guitar Town,1986,2.79,"country, folk, rock",https://i.scdn.co/image/9b86dec0c62e454fd62e41606e91813d3f57d76f
943,Sepultura,Roots,1996,2.79,metal,https://i.scdn.co/image/ab67616d00001e020bd5e7cce9765c2ef519424e
944,George Jones,The Grand Tour,1974,2.79,country,https://i.scdn.co/image/ab67616d00001e0219eb0f0fc4040fdb16220dc1
945,Afrika Bambaataa,Planet Rock: The Album,1986,2.79,"hip-hop, electronica",https://i.scdn.co/image/ab67616d00001e020c0a9bf7fb798d352b690215
946,Baaba Maal,Djam Leelii,1989,2.79,world,https://i.scdn.co/image/ab67616d00001e02f15291cf77119fef1f7d09cb
947,"Emerson, Lake & Palmer",Tarkus,1971,2.78,rock,https://i.scdn.co/image/b8d6d19396354a8ee17ee5453806619dac354eb7
948,Faust,Faust IV,1973,2.78,rock,https://i.scdn.co/image/f73b81fe336071103af18a69890295b20be67137
949,Julian Cope,Peggy Suicide,1991,2.78,"rock, punk",https://i.scdn.co/image/ab67616d00001e025aa3091cb0dc05c125ea4fd7
950,Barry Adamson,Oedipus Schmoedipus,1996,2.78,"rock, electronica",https://i.scdn.co/image/654106fe5d0cd1ed331079d9128f6a73faf5c465
951,The KLF,The White Room,1991,2.78,electronica,https://i.scdn.co/image/ab67616d00001e02a142acb0383516963d4c13f2
952,Pentangle,Basket of Light,1969,2.77,"folk, rock",https://i.scdn.co/image/dcf6bbbc6141be5d98bda429cc9e4156627fb1dc
953,Jacques Brel,Olympia 64,1964,2.77,"pop, rock",https://i.scdn.co/image/6253c6e5da73ba6a90126531edcce82423964582
954,William Orbit,Strange Cargo III,1993,2.77,electronica,https://i.scdn.co/image/39f490311d6f0bd4bda85f8f8d746d4200f15335
955,Rocket From The Crypt,"Scream, Dracula, Scream",1995,2.76,"rock, punk",https://i.scdn.co/image/7bd725cff971d565d0257fd57f292663337abdec
956,Guided By Voices,Alien Lanes,1995,2.76,rock,https://i.scdn.co/image/ab67616d00001e020b546e6852751aaa90eba3cb
957,The Divine Comedy,A Short Album About Love,1997,2.76,"pop, rock",https://i.scdn.co/image/d5a54ae5cbcc8461e10606d57943044f69a1d855
958,Shack,Hms Fable,1999,2.76,"pop, rock",https://i.scdn.co/image/3aeb7f437c6005e1fb6a0f3e05274268c0c7b7b2
959,Nitin Sawhney,Beyond Skin,1999,2.76,electronica,https://i.scdn.co/image/2421ef2ea18df2c85da1c48bc3cf958f1c4f2eca
960,Coldcut,What's That Noise?,1989,2.76,electronica,https://upload.wikimedia.org/wikipedia/en/3/3b/Whats_That_Noise_cover.jpg
961,Circle Jerks,Group Sex,1980,2.75,punk,https://i.scdn.co/image/edc1dc244fc2982c7fdf25f6fe44f3fe3ffd2b75
962,My Bloody Valentine,Isn't Anything,1988,2.75,rock,https://i.scdn.co/image/f5cff66d1fafe8b5a1f3ab1119ea5540a73d539f
963,Kelela,Take Me Apart,2017,2.75,"soul, electronica",https://i.scdn.co/image/ab67616d00001e020e6b0fc686dda68c8ec9e436
964,Big Black,Atomizer,1986,2.75,"punk, rock",https://i.scdn.co/image/ab67616d00001e02521b7d2c73ef8ec3530216a5
965,Christina Aguilera,Back to Basics,2006,2.75,"pop, jazz, soul",https://i.scdn.co/image/ab67616d00001e02d74f4550a6e409bf51652db7
966,Björk,Medúlla,2004,2.74,"pop, electronica",https://i.scdn.co/image/ab67616d00001e024f70220d934183ce2db16d6a
967,Kanye West,Yeezus,2013,2.74,hip-hop,https://i.scdn.co/image/ab67616d00001e021dacfbc31cc873d132958af9
968,Tangerine Dream,Phaedra,1974,2.74,electronica,https://i.scdn.co/image/164a22796ef616e05a114729b7826b15ca1d6f24
969,Drive Like Jehu,Yank Crime,1994,2.74,"punk, rock",https://i.scdn.co/image/34e3a0fc899956529307a7a23d85d25b8ddceea6
970,Baaba Maal,Lam Toro,1992,2.74,world,https://i.scdn.co/image/ab67616d00001e026819831d1c641d2913f37285
971,Wild Beasts,Two Dancers,2009,2.73,rock,https://i.scdn.co/image/991e6a527d04c1999a26aa40d6abe1745766491a
972,My Bloody Valentine,m b v,2013,2.73,rock,https://i.scdn.co/image/ab67616d00001e0287b29de6469d80156df6fefa
973,Finley Quaye,Maverick A Strike,1997,2.73,reggae,https://i.scdn.co/image/9e91afe31b814bfcc4b1c3590ff5870769662008
974,Sepultura,Arise,1991,2.73,metal,https://i.scdn.co/image/aa5c35ad76218b38ce1a3e3757650b834ca41f0e
975,Red Snapper,Our Aim Is To Satisfy,2000,2.73,electronica,https://i.scdn.co/image/9bf2a771d1dd6ddf6096f9a88b44daac0458561f
976,Robbie Williams,Life Thru A Lens,1997,2.72,"pop, rock",https://i.scdn.co/image/ca1896805594f40fe823b594a64c064a0a86d40f
977,Lambchop,Nixon,2000,2.72,"country, pop, rock",https://i.scdn.co/image/ab67616d00001e02399006dd6e4262af565360a7
978,Skepta,Konnichiwa,2016,2.72,hip-hop,https://i.scdn.co/image/ab67616d00001e02969de80dfcad2d496da82410
979,Serge Gainsbourg,Histoire De Melody Nelson,1971,2.71,"pop, rock",https://i.scdn.co/image/26ea71d7e4b8e8bfb5f49a4d5bff54f1e974732e
980,Bee Gees,Odessa,1969,2.71,"rock, pop",https://i.scdn.co/image/ab67616d00001e0279d238428e0da16ccd1dde00
981,The Slits,Cut,1979,2.71,"punk, rock",https://i.scdn.co/image/927b7aeb56bb92bc1b58673b2f542c89461d5a2c
982,Sabu,Palo Congo,1957,2.71,"world, jazz",https://i.scdn.co/image/8935ec6f4975ce25d9d4653e18f5fd267555b3c7
983,The Fall,The Infotainment Scan,1993,2.71,punk,https://i.scdn.co/image/453ec696f9d3686fdf71435521ab756f08525244
984,G. Love & Special Sauce,G. Love And Special Sauce,1994,2.71,"blues, hip-hop, rock",https://i.scdn.co/image/ab67616d00001e027923b2156563568de6115187
985,Holger Czukay,Movies,1979,2.71,rock,https://i.scdn.co/image/ab67616d00001e026fc9426b6c824c212e571c5f
986,The Electric Prunes,Electric Prunes,1967,2.7,rock,https://i.scdn.co/image/ab67616d00001e02b39573235a2e40a39123f9da
987,Neneh Cherry,Raw Like Sushi,1989,2.7,"pop, hip-hop, electronica",https://i.scdn.co/image/afd96702a56a04f50a9e05f1e1390f127fd4bac9
988,The Beau Brummels,Triangle,1967,2.7,"pop, rock, country",https://i.scdn.co/image/821053d978bd04412880abe7e7ee515157722602
989,Orbital,Orbital 2,1993,2.7,electronica,https://i.scdn.co/image/ab67616d00001e0273facf42264da43c82b1f93f
990,Slipknot,All Hope Is Gone,2008,2.7,metal,https://i.scdn.co/image/71678257b3f85b915d932500ec897d3c0d0ab02d
991,Orbital,Snivilisation,1994,2.7,electronica,https://i.scdn.co/image/c08ddeac604351e4df582e3d769211a369339622
992,Hawkwind,Space Ritual,1973,2.7,rock,https://i.scdn.co/image/38c860077d34d02736ec653dadaee3c4a8e0d2d2
993,Hanoi Rocks,Back to Mystery City,1983,2.7,"metal, rock",https://i.scdn.co/image/8fd80c68946aca8d7f547a738522219249ca5cd5
994,Ministry,KE*A*H** (Psalm 69),1992,2.7,metal,https://i.scdn.co/image/331a654bff1a81b6dc274f23891406bd14aff5be
995,Britney Spears,...Baby One More Time,1999,2.7,pop,https://i.scdn.co/image/ab67616d00001e028e49866860c25afffe2f1a02
996,Ramblin' Jack Elliott,Jack Takes the Floor,1958,2.7,"folk, country",https://i.scdn.co/image/131d26f0cbb6354cacfa9c9fe46b29ea1da846e4
997,Madonna,Music,2000,2.7,"pop, electronica",https://i.scdn.co/image/ab67616d00001e028c66a574874e11eea5f89a5e
998,The Sensational Alex Harvey Band,Next,1973,2.7,rock,https://i.scdn.co/image/ab67616d00001e025f2d09e5c2e0f76f93c7ad80
999,Dirty Projectors,Bitte Orca,2009,2.69,"pop, folk, rock, electronica",https://i.scdn.co/image/dfa7c34911493bb44c410f58f2d035ff8739d4d9
1000,808 State,90,1989,2.69,electronica,https://i.scdn.co/image/ab67616d00001e026d1ac39f324ba2a68197f67b
